source_feed_id,source_feed_folder,stop_id,stop_name,platform_code,stop_lat,stop_lon,zone_id,location_type,original_stop_id,original_zone_id
feed_shizuokacity_ikawa_20260401_20260630213838,feed_shizuokacity_ikawa_20260401_20260630213838,feed_shizuokacity_ikawa_20260401_20260630213838_i1_0,横沢,,35.133800350091,138.286461964214,feed_shizuokacity_ikawa_20260401_20260630213838_i1_0,0,i1_0,i1_0
feed_shizuokacity_ikawa_20260401_20260630213838,feed_shizuokacity_ikawa_20260401_20260630213838,feed_shizuokacity_ikawa_20260401_20260630213838_i2_0,富士見峠,,35.1861199110007,138.24965758411,feed_shizuokacity_ikawa_20260401_20260630213838_i2_0,0,i2_0,i2_0
feed_shizuokacity_ikawa_20260401_20260630213838,feed_shizuokacity_ikawa_20260401_20260630213838,feed_shizuokacity_ikawa_20260401_20260630213838_i3_0,大日,,35.2014220695313,138.252122072089,feed_shizuokacity_ikawa_20260401_20260630213838_i3_0,0,i3_0,i3_0
feed_shizuokacity_ikawa_20260401_20260630213838,feed_shizuokacity_ikawa_20260401_20260630213838,feed_shizuokacity_ikawa_20260401_20260630213838_i4_0,井川駅前,,35.2120190508798,138.221395138128,feed_shizuokacity_ikawa_20260401_20260630213838_i4_0,0,i4_0,i4_0
feed_shizuokacity_ikawa_20260401_20260630213838,feed_shizuokacity_ikawa_20260401_20260630213838,feed_shizuokacity_ikawa_20260401_20260630213838_i5_0,西山平,,35.217374401439,138.223408651842,feed_shizuokacity_ikawa_20260401_20260630213838_i5_0,0,i5_0,i5_0
feed_shizuokacity_ikawa_20260401_20260630213838,feed_shizuokacity_ikawa_20260401_20260630213838,feed_shizuokacity_ikawa_20260401_20260630213838_i6_0,公民館前,,35.2188153015116,138.226949960398,feed_shizuokacity_ikawa_20260401_20260630213838_i6_0,0,i6_0,i6_0
feed_shizuokacity_ikawa_20260401_20260630213838,feed_shizuokacity_ikawa_20260401_20260630213838,feed_shizuokacity_ikawa_20260401_20260630213838_i7_0,井川小中学校入口,,35.2149618062354,138.236254864118,feed_shizuokacity_ikawa_20260401_20260630213838_i7_0,0,i7_0,i7_0
feed_shizuokacity_ikawa_20260401_20260630213838,feed_shizuokacity_ikawa_20260401_20260630213838,feed_shizuokacity_ikawa_20260401_20260630213838_i8_0,井川小中学校前,,35.2188502162327,138.234657631667,feed_shizuokacity_ikawa_20260401_20260630213838_i8_0,0,i8_0,i8_0
feed_shizuokacity_ikawa_20260401_20260630213838,feed_shizuokacity_ikawa_20260401_20260630213838,feed_shizuokacity_ikawa_20260401_20260630213838_i9_0,井川本村,,35.2217406225869,138.238858551047,feed_shizuokacity_ikawa_20260401_20260630213838_i9_0,0,i9_0,i9_0
feed_shizuokacity_ikawa_20260401_20260630213838,feed_shizuokacity_ikawa_20260401_20260630213838,feed_shizuokacity_ikawa_20260401_20260630213838_i10_0,中野,,35.2232509274683,138.241149964117,feed_shizuokacity_ikawa_20260401_20260630213838_i10_0,0,i10_0,i10_0
feed_shizuokacity_ikawa_20260401_20260630213838,feed_shizuokacity_ikawa_20260401_20260630213838,feed_shizuokacity_ikawa_20260401_20260630213838_i11_0,南アルプスユネスコエコパーク井川ビジターセンター,,35.2235547587033,138.242955353412,feed_shizuokacity_ikawa_20260401_20260630213838_i11_0,0,i11_0,i11_0
feed_shizuokacity_ikawa_20260401_20260630213838,feed_shizuokacity_ikawa_20260401_20260630213838,feed_shizuokacity_ikawa_20260401_20260630213838_i12_0,診療所,,35.2220792570959,138.243996986655,feed_shizuokacity_ikawa_20260401_20260630213838_i12_0,0,i12_0,i12_0
feed_shizuokacity_ikawa_20260401_20260630213838,feed_shizuokacity_ikawa_20260401_20260630213838,feed_shizuokacity_ikawa_20260401_20260630213838_i13_0,渡船場,,35.2209508217523,138.240455666262,feed_shizuokacity_ikawa_20260401_20260630213838_i13_0,0,i13_0,i13_0
feed_shizuokacity_ikawa_20260401_20260630213838,feed_shizuokacity_ikawa_20260401_20260630213838,feed_shizuokacity_ikawa_20260401_20260630213838_i14_0,井川大橋,,35.2390566236926,138.248440407124,feed_shizuokacity_ikawa_20260401_20260630213838_i14_0,0,i14_0,i14_0
feed_shizuokacity_ikawa_20260401_20260630213838,feed_shizuokacity_ikawa_20260401_20260630213838,feed_shizuokacity_ikawa_20260401_20260630213838_i15_0,中山,,35.2432574566971,138.24521135809,feed_shizuokacity_ikawa_20260401_20260630213838_i15_0,0,i15_0,i15_0
feed_shizuokacity_ikawa_20260401_20260630213838,feed_shizuokacity_ikawa_20260401_20260630213838,feed_shizuokacity_ikawa_20260401_20260630213838_i16_0,大島,,35.2494198740871,138.24198223471,feed_shizuokacity_ikawa_20260401_20260630213838_i16_0,0,i16_0,i16_0
feed_shizuokacity_ikawa_20260401_20260630213838,feed_shizuokacity_ikawa_20260401_20260630213838,feed_shizuokacity_ikawa_20260401_20260630213838_i17_0,北小跡入口,,35.2549400416795,138.240280782435,feed_shizuokacity_ikawa_20260401_20260630213838_i17_0,0,i17_0,i17_0
feed_shizuokacity_ikawa_20260401_20260630213838,feed_shizuokacity_ikawa_20260401_20260630213838,feed_shizuokacity_ikawa_20260401_20260630213838_i18_0,田代,,35.2568580785048,138.234413157353,feed_shizuokacity_ikawa_20260401_20260630213838_i18_0,0,i18_0,i18_0
feed_shizuokacity_ikawa_20260401_20260630213838,feed_shizuokacity_ikawa_20260401_20260630213838,feed_shizuokacity_ikawa_20260401_20260630213838_i19_0,小河内,,35.2653901300406,138.235489130394,feed_shizuokacity_ikawa_20260401_20260630213838_i19_0,0,i19_0,i19_0
feed_shizuokacity_ikawa_20260401_20260630213838,feed_shizuokacity_ikawa_20260401_20260630213838,feed_shizuokacity_ikawa_20260401_20260630213838_i20_0,白樺荘,,35.3071205441839,138.196706152452,feed_shizuokacity_ikawa_20260401_20260630213838_i20_0,0,i20_0,i20_0
feed_shizuokacity_iryo_fukushi_20260401_20260630214444,feed_shizuokacity_iryo-fukushi_20260401_20260630214444,feed_shizuokacity_iryo_fukushi_20260401_20260630214444_f1_0,静岡駅前,,34.972619,138.388692,feed_shizuokacity_iryo_fukushi_20260401_20260630214444_f1_0,0,f1_0,f1_0
feed_shizuokacity_iryo_fukushi_20260401_20260630214444,feed_shizuokacity_iryo-fukushi_20260401_20260630214444,feed_shizuokacity_iryo_fukushi_20260401_20260630214444_f2_0,新静岡御幸町,,34.974501,138.385824,feed_shizuokacity_iryo_fukushi_20260401_20260630214444_f2_0,0,f2_0,f2_0
feed_shizuokacity_iryo_fukushi_20260401_20260630214444,feed_shizuokacity_iryo-fukushi_20260401_20260630214444,feed_shizuokacity_iryo_fukushi_20260401_20260630214444_f3_0,新静岡伝馬町,,34.974819,138.386207,feed_shizuokacity_iryo_fukushi_20260401_20260630214444_f3_0,0,f3_0,f3_0
feed_shizuokacity_iryo_fukushi_20260401_20260630214444,feed_shizuokacity_iryo-fukushi_20260401_20260630214444,feed_shizuokacity_iryo_fukushi_20260401_20260630214444_f4_1,中町,,34.97662,138.380829,feed_shizuokacity_iryo_fukushi_20260401_20260630214444_f4_1,0,f4_1,f4_1
feed_shizuokacity_iryo_fukushi_20260401_20260630214444,feed_shizuokacity_iryo-fukushi_20260401_20260630214444,feed_shizuokacity_iryo_fukushi_20260401_20260630214444_f4_2,中町,,34.977255,138.379971,feed_shizuokacity_iryo_fukushi_20260401_20260630214444_f4_2,0,f4_2,f4_2
feed_shizuokacity_iryo_fukushi_20260401_20260630214444,feed_shizuokacity_iryo-fukushi_20260401_20260630214444,feed_shizuokacity_iryo_fukushi_20260401_20260630214444_f5_1,アイセル21,,34.983575,138.385322,feed_shizuokacity_iryo_fukushi_20260401_20260630214444_f5_1,0,f5_1,f5_1
feed_shizuokacity_iryo_fukushi_20260401_20260630214444,feed_shizuokacity_iryo-fukushi_20260401_20260630214444,feed_shizuokacity_iryo_fukushi_20260401_20260630214444_f5_2,アイセル21,,34.983507,138.385394,feed_shizuokacity_iryo_fukushi_20260401_20260630214444_f5_2,0,f5_2,f5_2
feed_shizuokacity_iryo_fukushi_20260401_20260630214444,feed_shizuokacity_iryo-fukushi_20260401_20260630214444,feed_shizuokacity_iryo_fukushi_20260401_20260630214444_f6_0,城東保健福祉エリア,,34.985657,138.388057,feed_shizuokacity_iryo_fukushi_20260401_20260630214444_f6_0,0,f6_0,f6_0
feed_shizuokacity_iryo_fukushi_20260401_20260630214444,feed_shizuokacity_iryo-fukushi_20260401_20260630214444,feed_shizuokacity_iryo_fukushi_20260401_20260630214444_f7_1,西千代田,,34.988821,138.389517,feed_shizuokacity_iryo_fukushi_20260401_20260630214444_f7_1,0,f7_1,f7_1
feed_shizuokacity_iryo_fukushi_20260401_20260630214444,feed_shizuokacity_iryo-fukushi_20260401_20260630214444,feed_shizuokacity_iryo_fukushi_20260401_20260630214444_f7_2,西千代田,,34.98863,138.389819,feed_shizuokacity_iryo_fukushi_20260401_20260630214444_f7_2,0,f7_2,f7_2
feed_shizuokacity_iryo_fukushi_20260401_20260630214444,feed_shizuokacity_iryo-fukushi_20260401_20260630214444,feed_shizuokacity_iryo_fukushi_20260401_20260630214444_f8_1,柳新田西,,34.996713,138.390343,feed_shizuokacity_iryo_fukushi_20260401_20260630214444_f8_1,0,f8_1,f8_1
feed_shizuokacity_iryo_fukushi_20260401_20260630214444,feed_shizuokacity_iryo-fukushi_20260401_20260630214444,feed_shizuokacity_iryo_fukushi_20260401_20260630214444_f8_2,柳新田西,,34.996713,138.390343,feed_shizuokacity_iryo_fukushi_20260401_20260630214444_f8_2,0,f8_2,f8_2
feed_shizuokacity_iryo_fukushi_20260401_20260630214444,feed_shizuokacity_iryo-fukushi_20260401_20260630214444,feed_shizuokacity_iryo_fukushi_20260401_20260630214444_f9_1,柳新田北,,34.999315,138.387802,feed_shizuokacity_iryo_fukushi_20260401_20260630214444_f9_1,0,f9_1,f9_1
feed_shizuokacity_iryo_fukushi_20260401_20260630214444,feed_shizuokacity_iryo-fukushi_20260401_20260630214444,feed_shizuokacity_iryo_fukushi_20260401_20260630214444_f9_2,柳新田北,,34.999382,138.38784,feed_shizuokacity_iryo_fukushi_20260401_20260630214444_f9_2,0,f9_2,f9_2
feed_shizuokacity_iryo_fukushi_20260401_20260630214444,feed_shizuokacity_iryo-fukushi_20260401_20260630214444,feed_shizuokacity_iryo_fukushi_20260401_20260630214444_f10_0,県立総合病院,,35.003321,138.387121,feed_shizuokacity_iryo_fukushi_20260401_20260630214444_f10_0,0,f10_0,f10_0
feed_shizuokacity_ryougouchi_20260401_20260630200904,feed_shizuokacity_ryougouchi_20260401_20260630200904,feed_shizuokacity_ryougouchi_20260401_20260630200904_t1_0,但沼車庫前,,35.0995390466613,138.508770650174,feed_shizuokacity_ryougouchi_20260401_20260630200904_t1_0,0,t1_0,t1_0
feed_shizuokacity_ryougouchi_20260401_20260630200904,feed_shizuokacity_ryougouchi_20260401_20260630200904,feed_shizuokacity_ryougouchi_20260401_20260630200904_t2_0,長又,,35.102168856413,138.504743116423,feed_shizuokacity_ryougouchi_20260401_20260630200904_t2_0,0,t2_0,t2_0
feed_shizuokacity_ryougouchi_20260401_20260630200904,feed_shizuokacity_ryougouchi_20260401_20260630200904,feed_shizuokacity_ryougouchi_20260401_20260630200904_t3_0,雨乞,,35.1064565433323,138.503736095372,feed_shizuokacity_ryougouchi_20260401_20260630200904_t3_0,0,t3_0,t3_0
feed_shizuokacity_ryougouchi_20260401_20260630200904,feed_shizuokacity_ryougouchi_20260401_20260630200904,feed_shizuokacity_ryougouchi_20260401_20260630200904_t4_0,清地,,35.1026199235136,138.494153725357,feed_shizuokacity_ryougouchi_20260401_20260630200904_t4_0,0,t4_0,t4_0
feed_shizuokacity_ryougouchi_20260401_20260630200904,feed_shizuokacity_ryougouchi_20260401_20260630200904,feed_shizuokacity_ryougouchi_20260401_20260630200904_t5_0,高瀬,,35.1081747446986,138.48984832678,feed_shizuokacity_ryougouchi_20260401_20260630200904_t5_0,0,t5_0,t5_0
feed_shizuokacity_ryougouchi_20260401_20260630200904,feed_shizuokacity_ryougouchi_20260401_20260630200904,feed_shizuokacity_ryougouchi_20260401_20260630200904_t6_0,和田島,,35.1096326458261,138.479363055555,feed_shizuokacity_ryougouchi_20260401_20260630200904_t6_0,0,t6_0,t6_0
feed_shizuokacity_ryougouchi_20260401_20260630200904,feed_shizuokacity_ryougouchi_20260401_20260630200904,feed_shizuokacity_ryougouchi_20260401_20260630200904_t7_0,和田島車庫,,35.1096586099398,138.476446636903,feed_shizuokacity_ryougouchi_20260401_20260630200904_t7_0,0,t7_0,t7_0
feed_shizuokacity_ryougouchi_20260401_20260630200904,feed_shizuokacity_ryougouchi_20260401_20260630200904,feed_shizuokacity_ryougouchi_20260401_20260630200904_o1_0,茂の島東,,35.108339057948,138.466447540657,feed_shizuokacity_ryougouchi_20260401_20260630200904_o1_0,0,o1_0,o1_0
feed_shizuokacity_ryougouchi_20260401_20260630200904,feed_shizuokacity_ryougouchi_20260401_20260630200904,feed_shizuokacity_ryougouchi_20260401_20260630200904_o2_0,茂の島,,35.1089986296605,138.463461659525,feed_shizuokacity_ryougouchi_20260401_20260630200904_o2_0,0,o2_0,o2_0
feed_shizuokacity_ryougouchi_20260401_20260630200904,feed_shizuokacity_ryougouchi_20260401_20260630200904,feed_shizuokacity_ryougouchi_20260401_20260630200904_o3_0,大網口,,35.1144059360888,138.460649194858,feed_shizuokacity_ryougouchi_20260401_20260630200904_o3_0,0,o3_0,o3_0
feed_shizuokacity_ryougouchi_20260401_20260630200904,feed_shizuokacity_ryougouchi_20260401_20260630200904,feed_shizuokacity_ryougouchi_20260401_20260630200904_o4_0,土,,35.116896774842,138.452802548415,feed_shizuokacity_ryougouchi_20260401_20260630200904_o4_0,0,o4_0,o4_0
feed_shizuokacity_ryougouchi_20260401_20260630200904,feed_shizuokacity_ryougouchi_20260401_20260630200904,feed_shizuokacity_ryougouchi_20260401_20260630200904_o5_0,西河内小学校,,35.1197173754931,138.442525541615,feed_shizuokacity_ryougouchi_20260401_20260630200904_o5_0,0,o5_0,o5_0
feed_shizuokacity_ryougouchi_20260401_20260630200904,feed_shizuokacity_ryougouchi_20260401_20260630200904,feed_shizuokacity_ryougouchi_20260401_20260630200904_o6_0,宮城,,35.1231804736777,138.440407535813,feed_shizuokacity_ryougouchi_20260401_20260630200904_o6_0,0,o6_0,o6_0
feed_shizuokacity_ryougouchi_20260401_20260630200904,feed_shizuokacity_ryougouchi_20260401_20260630200904,feed_shizuokacity_ryougouchi_20260401_20260630200904_o7_0,寺尾島,,35.1248815718789,138.436518914695,feed_shizuokacity_ryougouchi_20260401_20260630200904_o7_0,0,o7_0,o7_0
feed_shizuokacity_ryougouchi_20260401_20260630200904,feed_shizuokacity_ryougouchi_20260401_20260630200904,feed_shizuokacity_ryougouchi_20260401_20260630200904_o8_0,西里温泉前,,35.1219130783819,138.433498451841,feed_shizuokacity_ryougouchi_20260401_20260630200904_o8_0,0,o8_0,o8_0
feed_shizuokacity_ryougouchi_20260401_20260630200904,feed_shizuokacity_ryougouchi_20260401_20260630200904,feed_shizuokacity_ryougouchi_20260401_20260630200904_o9_0,下片瀬,,35.1276676361797,138.433359356874,feed_shizuokacity_ryougouchi_20260401_20260630200904_o9_0,0,o9_0,o9_0
feed_shizuokacity_ryougouchi_20260401_20260630200904,feed_shizuokacity_ryougouchi_20260401_20260630200904,feed_shizuokacity_ryougouchi_20260401_20260630200904_o10_0,片瀬,,35.1309051007468,138.432630129865,feed_shizuokacity_ryougouchi_20260401_20260630200904_o10_0,0,o10_0,o10_0
feed_shizuokacity_ryougouchi_20260401_20260630200904,feed_shizuokacity_ryougouchi_20260401_20260630200904,feed_shizuokacity_ryougouchi_20260401_20260630200904_o11_0,八幡温泉前,,35.1326583962492,138.433428606321,feed_shizuokacity_ryougouchi_20260401_20260630200904_o11_0,0,o11_0,o11_0
feed_shizuokacity_ryougouchi_20260401_20260630200904,feed_shizuokacity_ryougouchi_20260401_20260630200904,feed_shizuokacity_ryougouchi_20260401_20260630200904_o12_0,河内局前,,35.1340124186578,138.433741028319,feed_shizuokacity_ryougouchi_20260401_20260630200904_o12_0,0,o12_0,o12_0
feed_shizuokacity_ryougouchi_20260401_20260630200904,feed_shizuokacity_ryougouchi_20260401_20260630200904,feed_shizuokacity_ryougouchi_20260401_20260630200904_o13_0,河内,,35.1368940541719,138.434331146468,feed_shizuokacity_ryougouchi_20260401_20260630200904_o13_0,0,o13_0,o13_0
feed_shizuokacity_ryougouchi_20260401_20260630200904,feed_shizuokacity_ryougouchi_20260401_20260630200904,feed_shizuokacity_ryougouchi_20260401_20260630200904_o14_0,大島入口,,35.1416764572036,138.432560283187,feed_shizuokacity_ryougouchi_20260401_20260630200904_o14_0,0,o14_0,o14_0
feed_shizuokacity_ryougouchi_20260401_20260630200904,feed_shizuokacity_ryougouchi_20260401_20260630200904,feed_shizuokacity_ryougouchi_20260401_20260630200904_o15_0,岩下,,35.1450788008478,138.430546437416,feed_shizuokacity_ryougouchi_20260401_20260630200904_o15_0,0,o15_0,o15_0
feed_shizuokacity_ryougouchi_20260401_20260630200904,feed_shizuokacity_ryougouchi_20260401_20260630200904,feed_shizuokacity_ryougouchi_20260401_20260630200904_o16_0,大平南,,35.1482121414501,138.431032388197,feed_shizuokacity_ryougouchi_20260401_20260630200904_o16_0,0,o16_0,o16_0
feed_shizuokacity_ryougouchi_20260401_20260630200904,feed_shizuokacity_ryougouchi_20260401_20260630200904,feed_shizuokacity_ryougouchi_20260401_20260630200904_o17_0,大平下,,35.1499046629831,138.431171201044,feed_shizuokacity_ryougouchi_20260401_20260630200904_o17_0,0,o17_0,o17_0
feed_shizuokacity_ryougouchi_20260401_20260630200904,feed_shizuokacity_ryougouchi_20260401_20260630200904,feed_shizuokacity_ryougouchi_20260401_20260630200904_o18_0,大平中,,35.1513888577322,138.430650355941,feed_shizuokacity_ryougouchi_20260401_20260630200904_o18_0,0,o18_0,o18_0
feed_shizuokacity_ryougouchi_20260401_20260630200904,feed_shizuokacity_ryougouchi_20260401_20260630200904,feed_shizuokacity_ryougouchi_20260401_20260630200904_o19_0,大平,,35.155355368639,138.428428173215,feed_shizuokacity_ryougouchi_20260401_20260630200904_o19_0,0,o19_0,o19_0
feed_shizuokacity_ryougouchi_20260401_20260630200904,feed_shizuokacity_ryougouchi_20260401_20260630200904,feed_shizuokacity_ryougouchi_20260401_20260630200904_z1_0,高瀬上,,35.1092162925484,138.489778848786,feed_shizuokacity_ryougouchi_20260401_20260630200904_z1_0,0,z1_0,z1_0
feed_shizuokacity_ryougouchi_20260401_20260630200904,feed_shizuokacity_ryougouchi_20260401_20260630200904,feed_shizuokacity_ryougouchi_20260401_20260630200904_z2_0,下田橋,,35.1181300178413,138.481827800798,feed_shizuokacity_ryougouchi_20260401_20260630200904_z2_0,0,z2_0,z2_0
feed_shizuokacity_ryougouchi_20260401_20260630200904,feed_shizuokacity_ryougouchi_20260401_20260630200904,feed_shizuokacity_ryougouchi_20260401_20260630200904_z3_0,小川,,35.1214195440153,138.480473625031,feed_shizuokacity_ryougouchi_20260401_20260630200904_z3_0,0,z3_0,z3_0
feed_shizuokacity_ryougouchi_20260401_20260630200904,feed_shizuokacity_ryougouchi_20260401_20260630200904,feed_shizuokacity_ryougouchi_20260401_20260630200904_z4_0,桑又,,35.1247698103421,138.478459781059,feed_shizuokacity_ryougouchi_20260401_20260630200904_z4_0,0,z4_0,z4_0
feed_shizuokacity_ryougouchi_20260401_20260630200904,feed_shizuokacity_ryougouchi_20260401_20260630200904,feed_shizuokacity_ryougouchi_20260401_20260630200904_z5_0,桑原,,35.1274430409737,138.475334946529,feed_shizuokacity_ryougouchi_20260401_20260630200904_z5_0,0,z5_0,z5_0
feed_shizuokacity_ryougouchi_20260401_20260630200904,feed_shizuokacity_ryougouchi_20260401_20260630200904,feed_shizuokacity_ryougouchi_20260401_20260630200904_z6_0,遠呂島,,35.1311665318594,138.473425246177,feed_shizuokacity_ryougouchi_20260401_20260630200904_z6_0,0,z6_0,z6_0
feed_shizuokacity_ryougouchi_20260401_20260630200904,feed_shizuokacity_ryougouchi_20260401_20260630200904,feed_shizuokacity_ryougouchi_20260401_20260630200904_z7_0,遠呂島上,,35.1352371730239,138.470230920147,feed_shizuokacity_ryougouchi_20260401_20260630200904_z7_0,0,z7_0,z7_0
feed_shizuokacity_ryougouchi_20260401_20260630200904,feed_shizuokacity_ryougouchi_20260401_20260630200904,feed_shizuokacity_ryougouchi_20260401_20260630200904_z8_0,中河内学校前,,35.1371119924741,138.471411303758,feed_shizuokacity_ryougouchi_20260401_20260630200904_z8_0,0,z8_0,z8_0
feed_shizuokacity_ryougouchi_20260401_20260630200904,feed_shizuokacity_ryougouchi_20260401_20260630200904,feed_shizuokacity_ryougouchi_20260401_20260630200904_z9_0,木山野,,35.138960731405,138.470959883285,feed_shizuokacity_ryougouchi_20260401_20260630200904_z9_0,0,z9_0,z9_0
feed_shizuokacity_ryougouchi_20260401_20260630200904,feed_shizuokacity_ryougouchi_20260401_20260630200904,feed_shizuokacity_ryougouchi_20260401_20260630200904_z10_0,中河内,,35.1424499171156,138.470751435359,feed_shizuokacity_ryougouchi_20260401_20260630200904_z10_0,0,z10_0,z10_0
feed_shizuokacity_ryougouchi_20260401_20260630200904,feed_shizuokacity_ryougouchi_20260401_20260630200904,feed_shizuokacity_ryougouchi_20260401_20260630200904_z11_0,宮島,,35.1457567294025,138.466550279854,feed_shizuokacity_ryougouchi_20260401_20260630200904_z11_0,0,z11_0,z11_0
feed_shizuokacity_ryougouchi_20260401_20260630200904,feed_shizuokacity_ryougouchi_20260401_20260630200904,feed_shizuokacity_ryougouchi_20260401_20260630200904_z12_0,松葉,,35.1486469654059,138.46405038373,feed_shizuokacity_ryougouchi_20260401_20260630200904_z12_0,0,z12_0,z12_0
feed_shizuokacity_ryougouchi_20260401_20260630200904,feed_shizuokacity_ryougouchi_20260401_20260630200904,feed_shizuokacity_ryougouchi_20260401_20260630200904_z13_0,板井沢,,35.1514156730563,138.460994984129,feed_shizuokacity_ryougouchi_20260401_20260630200904_z13_0,0,z13_0,z13_0
feed_shizuokacity_yui_kanbara_20260401_20260630200146,feed_shizuokacity_yui-kanbara_20260401_20260630200146,feed_shizuokacity_yui_kanbara_20260401_20260630200146_b1_0,由比駅,,35.09731,138.55273,feed_shizuokacity_yui_kanbara_20260401_20260630200146_b1_0,0,b1_0,b1_0
feed_shizuokacity_yui_kanbara_20260401_20260630200146,feed_shizuokacity_yui-kanbara_20260401_20260630200146,feed_shizuokacity_yui_kanbara_20260401_20260630200146_b2_0,今宿,,35.10005,138.55457,feed_shizuokacity_yui_kanbara_20260401_20260630200146_b2_0,0,b2_0,b2_0
feed_shizuokacity_yui_kanbara_20260401_20260630200146,feed_shizuokacity_yui-kanbara_20260401_20260630200146,feed_shizuokacity_yui_kanbara_20260401_20260630200146_b3_0,中央ガレージ前,,35.10224,138.55609,feed_shizuokacity_yui_kanbara_20260401_20260630200146_b3_0,0,b3_0,b3_0
feed_shizuokacity_yui_kanbara_20260401_20260630200146,feed_shizuokacity_yui-kanbara_20260401_20260630200146,feed_shizuokacity_yui_kanbara_20260401_20260630200146_b4_0,由比むつみ市場前,,35.103773,138.559163,feed_shizuokacity_yui_kanbara_20260401_20260630200146_b4_0,0,b4_0,b4_0
feed_shizuokacity_yui_kanbara_20260401_20260630200146,feed_shizuokacity_yui-kanbara_20260401_20260630200146,feed_shizuokacity_yui_kanbara_20260401_20260630200146_b5_0,JAしみず由比支店前,,35.104717,138.561523,feed_shizuokacity_yui_kanbara_20260401_20260630200146_b5_0,0,b5_0,b5_0
feed_shizuokacity_yui_kanbara_20260401_20260630200146,feed_shizuokacity_yui-kanbara_20260401_20260630200146,feed_shizuokacity_yui_kanbara_20260401_20260630200146_b6_0,由比川橋西,,35.10585,138.56411,feed_shizuokacity_yui_kanbara_20260401_20260630200146_b6_0,0,b6_0,b6_0
feed_shizuokacity_yui_kanbara_20260401_20260630200146,feed_shizuokacity_yui-kanbara_20260401_20260630200146,feed_shizuokacity_yui_kanbara_20260401_20260630200146_b7_0,由比本陣公園前,,35.10743,138.56727,feed_shizuokacity_yui_kanbara_20260401_20260630200146_b7_0,0,b7_0,b7_0
feed_shizuokacity_yui_kanbara_20260401_20260630200146,feed_shizuokacity_yui-kanbara_20260401_20260630200146,feed_shizuokacity_yui_kanbara_20260401_20260630200146_b8_0,由比自治会前,,35.10959,138.57099,feed_shizuokacity_yui_kanbara_20260401_20260630200146_b8_0,0,b8_0,b8_0
feed_shizuokacity_yui_kanbara_20260401_20260630200146,feed_shizuokacity_yui-kanbara_20260401_20260630200146,feed_shizuokacity_yui_kanbara_20260401_20260630200146_b9_0,神沢川酒造場前,,35.11095,138.57297,feed_shizuokacity_yui_kanbara_20260401_20260630200146_b9_0,0,b9_0,b9_0
feed_shizuokacity_yui_kanbara_20260401_20260630200146,feed_shizuokacity_yui-kanbara_20260401_20260630200146,feed_shizuokacity_yui_kanbara_20260401_20260630200146_b10_1,西神沢,,35.11265,138.57564,feed_shizuokacity_yui_kanbara_20260401_20260630200146_b10_1,0,b10_1,b10_1
feed_shizuokacity_yui_kanbara_20260401_20260630200146,feed_shizuokacity_yui-kanbara_20260401_20260630200146,feed_shizuokacity_yui_kanbara_20260401_20260630200146_b10_2,西神沢,,35.11147,138.57324,feed_shizuokacity_yui_kanbara_20260401_20260630200146_b10_2,0,b10_2,b10_2
feed_shizuokacity_yui_kanbara_20260401_20260630200146,feed_shizuokacity_yui-kanbara_20260401_20260630200146,feed_shizuokacity_yui_kanbara_20260401_20260630200146_b11_1,神沢,,35.11373,138.57845,feed_shizuokacity_yui_kanbara_20260401_20260630200146_b11_1,0,b11_1,b11_1
feed_shizuokacity_yui_kanbara_20260401_20260630200146,feed_shizuokacity_yui-kanbara_20260401_20260630200146,feed_shizuokacity_yui_kanbara_20260401_20260630200146_b11_2,神沢,,35.11345,138.5779,feed_shizuokacity_yui_kanbara_20260401_20260630200146_b11_2,0,b11_2,b11_2
feed_shizuokacity_yui_kanbara_20260401_20260630200146,feed_shizuokacity_yui-kanbara_20260401_20260630200146,feed_shizuokacity_yui_kanbara_20260401_20260630200146_b12_0,蒲原駅,,35.11435,138.583,feed_shizuokacity_yui_kanbara_20260401_20260630200146_b12_0,0,b12_0,b12_0
feed_shizuokacity_yui_kanbara_20260401_20260630200146,feed_shizuokacity_yui-kanbara_20260401_20260630200146,feed_shizuokacity_yui_kanbara_20260401_20260630200146_b13_1,中村,,35.11529,138.58685,feed_shizuokacity_yui_kanbara_20260401_20260630200146_b13_1,0,b13_1,b13_1
feed_shizuokacity_yui_kanbara_20260401_20260630200146,feed_shizuokacity_yui-kanbara_20260401_20260630200146,feed_shizuokacity_yui_kanbara_20260401_20260630200146_b13_2,中村,,35.11534,138.58762,feed_shizuokacity_yui_kanbara_20260401_20260630200146_b13_2,0,b13_2,b13_2
feed_shizuokacity_yui_kanbara_20260401_20260630200146,feed_shizuokacity_yui-kanbara_20260401_20260630200146,feed_shizuokacity_yui_kanbara_20260401_20260630200146_b14_1,小金,,35.11599,138.59105,feed_shizuokacity_yui_kanbara_20260401_20260630200146_b14_1,0,b14_1,b14_1
feed_shizuokacity_yui_kanbara_20260401_20260630200146,feed_shizuokacity_yui-kanbara_20260401_20260630200146,feed_shizuokacity_yui_kanbara_20260401_20260630200146_b14_2,小金,,35.11601,138.59147,feed_shizuokacity_yui_kanbara_20260401_20260630200146_b14_2,0,b14_2,b14_2
feed_shizuokacity_yui_kanbara_20260401_20260630200146,feed_shizuokacity_yui-kanbara_20260401_20260630200146,feed_shizuokacity_yui_kanbara_20260401_20260630200146_b15_1,蒲原体育館前,,35.11664,138.59491,feed_shizuokacity_yui_kanbara_20260401_20260630200146_b15_1,0,b15_1,b15_1
feed_shizuokacity_yui_kanbara_20260401_20260630200146,feed_shizuokacity_yui-kanbara_20260401_20260630200146,feed_shizuokacity_yui_kanbara_20260401_20260630200146_b15_2,蒲原体育館前,,35.11663,138.59533,feed_shizuokacity_yui_kanbara_20260401_20260630200146_b15_2,0,b15_2,b15_2
feed_shizuokacity_yui_kanbara_20260401_20260630200146,feed_shizuokacity_yui-kanbara_20260401_20260630200146,feed_shizuokacity_yui_kanbara_20260401_20260630200146_b16_1,砂防事務所入口,,35.11752,138.59984,feed_shizuokacity_yui_kanbara_20260401_20260630200146_b16_1,0,b16_1,b16_1
feed_shizuokacity_yui_kanbara_20260401_20260630200146,feed_shizuokacity_yui-kanbara_20260401_20260630200146,feed_shizuokacity_yui_kanbara_20260401_20260630200146_b16_2,砂防事務所入口,,35.11753,138.60053,feed_shizuokacity_yui_kanbara_20260401_20260630200146_b16_2,0,b16_2,b16_2
feed_shizuokacity_yui_kanbara_20260401_20260630200146,feed_shizuokacity_yui-kanbara_20260401_20260630200146,feed_shizuokacity_yui_kanbara_20260401_20260630200146_b17_1,蒲原本町,,35.11886,138.60453,feed_shizuokacity_yui_kanbara_20260401_20260630200146_b17_1,0,b17_1,b17_1
feed_shizuokacity_yui_kanbara_20260401_20260630200146,feed_shizuokacity_yui-kanbara_20260401_20260630200146,feed_shizuokacity_yui_kanbara_20260401_20260630200146_b17_2,蒲原本町,,35.11866,138.604,feed_shizuokacity_yui_kanbara_20260401_20260630200146_b17_2,0,b17_2,b17_2
feed_shizuokacity_yui_kanbara_20260401_20260630200146,feed_shizuokacity_yui-kanbara_20260401_20260630200146,feed_shizuokacity_yui_kanbara_20260401_20260630200146_b18_1,新蒲原駅,,35.11957,138.6073,feed_shizuokacity_yui_kanbara_20260401_20260630200146_b18_1,0,b18_1,b18_1
feed_shizuokacity_yui_kanbara_20260401_20260630200146,feed_shizuokacity_yui-kanbara_20260401_20260630200146,feed_shizuokacity_yui_kanbara_20260401_20260630200146_b18_2,新蒲原駅,,35.11971,138.608,feed_shizuokacity_yui_kanbara_20260401_20260630200146_b18_2,0,b18_2,b18_2
feed_shizuokacity_yui_kanbara_20260401_20260630200146,feed_shizuokacity_yui-kanbara_20260401_20260630200146,feed_shizuokacity_yui_kanbara_20260401_20260630200146_b19_1,軽金入口,,35.1225,138.61202,feed_shizuokacity_yui_kanbara_20260401_20260630200146_b19_1,0,b19_1,b19_1
feed_shizuokacity_yui_kanbara_20260401_20260630200146,feed_shizuokacity_yui-kanbara_20260401_20260630200146,feed_shizuokacity_yui_kanbara_20260401_20260630200146_b19_2,軽金入口,,35.12251,138.6122,feed_shizuokacity_yui_kanbara_20260401_20260630200146_b19_2,0,b19_2,b19_2
feed_shizuokacity_yui_kanbara_20260401_20260630200146,feed_shizuokacity_yui-kanbara_20260401_20260630200146,feed_shizuokacity_yui_kanbara_20260401_20260630200146_b20_1,富士見橋,,35.1259,138.61685,feed_shizuokacity_yui_kanbara_20260401_20260630200146_b20_1,0,b20_1,b20_1
feed_shizuokacity_yui_kanbara_20260401_20260630200146,feed_shizuokacity_yui-kanbara_20260401_20260630200146,feed_shizuokacity_yui_kanbara_20260401_20260630200146_b20_2,富士見橋,,35.12585,138.61695,feed_shizuokacity_yui_kanbara_20260401_20260630200146_b20_2,0,b20_2,b20_2
feed_shizuokacity_yui_kanbara_20260401_20260630200146,feed_shizuokacity_yui-kanbara_20260401_20260630200146,feed_shizuokacity_yui_kanbara_20260401_20260630200146_b21_0,蒲原病院,,35.13304,138.61609,feed_shizuokacity_yui_kanbara_20260401_20260630200146_b21_0,0,b21_0,b21_0
feed_shizuokacity_yui_kanbara_20260401_20260630200146,feed_shizuokacity_yui-kanbara_20260401_20260630200146,feed_shizuokacity_yui_kanbara_20260401_20260630200146_b22_0,新町,,35.11095,138.57106,feed_shizuokacity_yui_kanbara_20260401_20260630200146_b22_0,0,b22_0,b22_0
feed_shizuokacity_yui_kanbara_20260401_20260630200146,feed_shizuokacity_yui-kanbara_20260401_20260630200146,feed_shizuokacity_yui_kanbara_20260401_20260630200146_b23_0,入山入口東,,35.10971,138.56817,feed_shizuokacity_yui_kanbara_20260401_20260630200146_b23_0,0,b23_0,b23_0
feed_shizuokacity_yui_kanbara_20260401_20260630200146,feed_shizuokacity_yui-kanbara_20260401_20260630200146,feed_shizuokacity_yui_kanbara_20260401_20260630200146_b24_0,入山入口,,35.10839,138.56498,feed_shizuokacity_yui_kanbara_20260401_20260630200146_b24_0,0,b24_0,b24_0
feed_shizuokacity_yui_kanbara_20260401_20260630200146,feed_shizuokacity_yui-kanbara_20260401_20260630200146,feed_shizuokacity_yui_kanbara_20260401_20260630200146_b25_0,由比川橋,,35.10777,138.56345,feed_shizuokacity_yui_kanbara_20260401_20260630200146_b25_0,0,b25_0,b25_0
feed_shizuokacity_yui_kanbara_20260401_20260630200146,feed_shizuokacity_yui-kanbara_20260401_20260630200146,feed_shizuokacity_yui_kanbara_20260401_20260630200146_b26_0,由比北田,,35.10668,138.56071,feed_shizuokacity_yui_kanbara_20260401_20260630200146_b26_0,0,b26_0,b26_0
feed_shizuokacity_yui_kanbara_20260401_20260630200146,feed_shizuokacity_yui-kanbara_20260401_20260630200146,feed_shizuokacity_yui_kanbara_20260401_20260630200146_b27_0,町屋原,,35.10579,138.55811,feed_shizuokacity_yui_kanbara_20260401_20260630200146_b27_0,0,b27_0,b27_0
feed_shizuokacity_yui_kanbara_20260401_20260630200146,feed_shizuokacity_yui-kanbara_20260401_20260630200146,feed_shizuokacity_yui_kanbara_20260401_20260630200146_b28_0,西山入口,,35.10435,138.55658,feed_shizuokacity_yui_kanbara_20260401_20260630200146_b28_0,0,b28_0,b28_0
feed_shizuokacity_yui_kanbara_20260401_20260630200146,feed_shizuokacity_yui-kanbara_20260401_20260630200146,feed_shizuokacity_yui_kanbara_20260401_20260630200146_b29_0,今宿東,,35.10303,138.55519,feed_shizuokacity_yui_kanbara_20260401_20260630200146_b29_0,0,b29_0,b29_0
feed_shizuokacity_yui_kanbara_20260401_20260630200146,feed_shizuokacity_yui-kanbara_20260401_20260630200146,feed_shizuokacity_yui_kanbara_20260401_20260630200146_b30_0,今宿上,,35.10128,138.55439,feed_shizuokacity_yui_kanbara_20260401_20260630200146_b30_0,0,b30_0,b30_0
feed_shizuokacity_yui_kanbara_20260401_20260630200146,feed_shizuokacity_yui-kanbara_20260401_20260630200146,feed_shizuokacity_yui_kanbara_20260401_20260630200146_b31_0,平,,35.0994,138.55373,feed_shizuokacity_yui_kanbara_20260401_20260630200146_b31_0,0,b31_0,b31_0
feed_shizuokacity_yui_kanbara_20260401_20260630200146,feed_shizuokacity_yui-kanbara_20260401_20260630200146,feed_shizuokacity_yui_kanbara_20260401_20260630200146_b32_0,由比駅上,,35.09751,138.55234,feed_shizuokacity_yui_kanbara_20260401_20260630200146_b32_0,0,b32_0,b32_0
feed_shizuokacity_yui_20260401_20260630174723,feed_shizuokacity_yui_20260401_20260630174723,feed_shizuokacity_yui_20260401_20260630174723_y1_0,庵原分署,,35.1108848449938,138.570674660461,feed_shizuokacity_yui_20260401_20260630174723_y1_0,0,y1_0,y1_0
feed_shizuokacity_yui_20260401_20260630174723,feed_shizuokacity_yui_20260401_20260630174723,feed_shizuokacity_yui_20260401_20260630174723_y2_0,神沢川酒造場前,,35.11095,138.57297,feed_shizuokacity_yui_20260401_20260630174723_y2_0,0,y2_0,y2_0
feed_shizuokacity_yui_20260401_20260630174723,feed_shizuokacity_yui_20260401_20260630174723,feed_shizuokacity_yui_20260401_20260630174723_y3_0,由比自治会前,,35.10959,138.57099,feed_shizuokacity_yui_20260401_20260630174723_y3_0,0,y3_0,y3_0
feed_shizuokacity_yui_20260401_20260630174723,feed_shizuokacity_yui_20260401_20260630174723,feed_shizuokacity_yui_20260401_20260630174723_y4_0,由比本陣公園前,,35.10743,138.56727,feed_shizuokacity_yui_20260401_20260630174723_y4_0,0,y4_0,y4_0
feed_shizuokacity_yui_20260401_20260630174723,feed_shizuokacity_yui_20260401_20260630174723,feed_shizuokacity_yui_20260401_20260630174723_y5_0,滝冷蔵庫前,,35.1084544368361,138.565779336992,feed_shizuokacity_yui_20260401_20260630174723_y5_0,0,y5_0,y5_0
feed_shizuokacity_yui_20260401_20260630174723,feed_shizuokacity_yui_20260401_20260630174723,feed_shizuokacity_yui_20260401_20260630174723_y6_0,由比川橋西,,35.10585,138.56411,feed_shizuokacity_yui_20260401_20260630174723_y6_0,0,y6_0,y6_0
feed_shizuokacity_yui_20260401_20260630174723,feed_shizuokacity_yui_20260401_20260630174723,feed_shizuokacity_yui_20260401_20260630174723_y7_0,由比生涯学習交流館,,35.1068659809686,138.562168594189,feed_shizuokacity_yui_20260401_20260630174723_y7_0,0,y7_0,y7_0
feed_shizuokacity_yui_20260401_20260630174723,feed_shizuokacity_yui_20260401_20260630174723,feed_shizuokacity_yui_20260401_20260630174723_y8_0,ＪＡしみず由比支店前,,35.1053557143463,138.561404827799,feed_shizuokacity_yui_20260401_20260630174723_y8_0,0,y8_0,y8_0
feed_shizuokacity_yui_20260401_20260630174723,feed_shizuokacity_yui_20260401_20260630174723,feed_shizuokacity_yui_20260401_20260630174723_y9_0,由比むつみ市場前,,35.1037846532658,138.559182854754,feed_shizuokacity_yui_20260401_20260630174723_y9_0,0,y9_0,y9_0
feed_shizuokacity_yui_20260401_20260630174723,feed_shizuokacity_yui_20260401_20260630174723,feed_shizuokacity_yui_20260401_20260630174723_y10_0,中央ガレージ前,,35.10224,138.55609,feed_shizuokacity_yui_20260401_20260630174723_y10_0,0,y10_0,y10_0
feed_shizuokacity_yui_20260401_20260630174723,feed_shizuokacity_yui_20260401_20260630174723,feed_shizuokacity_yui_20260401_20260630174723_y11_0,今宿,,35.10005,138.55457,feed_shizuokacity_yui_20260401_20260630174723_y11_0,0,y11_0,y11_0
feed_shizuokacity_yui_20260401_20260630174723,feed_shizuokacity_yui_20260401_20260630174723,feed_shizuokacity_yui_20260401_20260630174723_y12_0,由比駅,,35.09731,138.55273,feed_shizuokacity_yui_20260401_20260630174723_y12_0,0,y12_0,y12_0
feed_shizuokacity_yui_20260401_20260630174723,feed_shizuokacity_yui_20260401_20260630174723,feed_shizuokacity_yui_20260401_20260630174723_y13_0,慈徳寺入口,,35.110094955059,138.568799850377,feed_shizuokacity_yui_20260401_20260630174723_y13_0,0,y13_0,y13_0
feed_shizuokacity_yui_20260401_20260630174723,feed_shizuokacity_yui_20260401_20260630174723,feed_shizuokacity_yui_20260401_20260630174723_y14_0,本光寺駐車場前,,35.1108673736102,138.566300034254,feed_shizuokacity_yui_20260401_20260630174723_y14_0,0,y14_0,y14_0
feed_shizuokacity_yui_20260401_20260630174723,feed_shizuokacity_yui_20260401_20260630174723,feed_shizuokacity_yui_20260401_20260630174723_y15_0,桜新道,,35.1124730016199,138.562619731628,feed_shizuokacity_yui_20260401_20260630174723_y15_0,0,y15_0,y15_0
feed_shizuokacity_yui_20260401_20260630174723,feed_shizuokacity_yui_20260401_20260630174723,feed_shizuokacity_yui_20260401_20260630174723_y16_0,牛沢橋,,35.1164481844984,138.560085074604,feed_shizuokacity_yui_20260401_20260630174723_y16_0,0,y16_0,y16_0
feed_shizuokacity_yui_20260401_20260630174723,feed_shizuokacity_yui_20260401_20260630174723,feed_shizuokacity_yui_20260401_20260630174723_y17_0,東山寺自治会館前,,35.1177327401483,138.559217044295,feed_shizuokacity_yui_20260401_20260630174723_y17_0,0,y17_0,y17_0
feed_shizuokacity_yui_20260401_20260630174723,feed_shizuokacity_yui_20260401_20260630174723,feed_shizuokacity_yui_20260401_20260630174723_y18_0,福島自動車上,,35.1192082038178,138.556682482241,feed_shizuokacity_yui_20260401_20260630174723_y18_0,0,y18_0,y18_0
feed_shizuokacity_yui_20260401_20260630174723,feed_shizuokacity_yui_20260401_20260630174723,feed_shizuokacity_yui_20260401_20260630174723_y19_0,室野会館,,35.1239385555566,138.555918478788,feed_shizuokacity_yui_20260401_20260630174723_y19_0,0,y19_0,y19_0
feed_shizuokacity_yui_20260401_20260630174723,feed_shizuokacity_yui_20260401_20260630174723,feed_shizuokacity_yui_20260401_20260630174723_y20_0,幸橋,,35.1278443854274,138.556647434812,feed_shizuokacity_yui_20260401_20260630174723_y20_0,0,y20_0,y20_0
feed_shizuokacity_yui_20260401_20260630174723,feed_shizuokacity_yui_20260401_20260630174723,feed_shizuokacity_yui_20260401_20260630174723_y21_0,第３分団車庫,,35.1304569462331,138.556925089587,feed_shizuokacity_yui_20260401_20260630174723_y21_0,0,y21_0,y21_0
feed_shizuokacity_yui_20260401_20260630174723,feed_shizuokacity_yui_20260401_20260630174723,feed_shizuokacity_yui_20260401_20260630174723_y22_0,入山橋,,35.1347446874041,138.55803594289,feed_shizuokacity_yui_20260401_20260630174723_y22_0,0,y22_0,y22_0
feed_shizuokacity_yui_20260401_20260630174723,feed_shizuokacity_yui_20260401_20260630174723,feed_shizuokacity_yui_20260401_20260630174723_y23_0,福沢橋,,35.1440492882844,138.56157695349,feed_shizuokacity_yui_20260401_20260630174723_y23_0,0,y23_0,y23_0
feed_shizuokacity_yui_20260401_20260630174723,feed_shizuokacity_yui_20260401_20260630174723,feed_shizuokacity_yui_20260401_20260630174723_y24_0,大城,,35.1527896468489,138.562409883128,feed_shizuokacity_yui_20260401_20260630174723_y24_0,0,y24_0,y24_0
feed_shizuokacity_yui_20260401_20260630174723,feed_shizuokacity_yui_20260401_20260630174723,feed_shizuokacity_yui_20260401_20260630174723_y25_0,香木穴橋,,35.148163750702,138.574874273344,feed_shizuokacity_yui_20260401_20260630174723_y25_0,0,y25_0,y25_0
feed_shizuokacity_yui_20260401_20260630174723,feed_shizuokacity_yui_20260401_20260630174723,feed_shizuokacity_yui_20260401_20260630174723_y26_0,舟場入口,,35.1398570724385,138.562410375188,feed_shizuokacity_yui_20260401_20260630174723_y26_0,0,y26_0,y26_0
feed_shizuokacity_yui_20260401_20260630174723,feed_shizuokacity_yui_20260401_20260630174723,feed_shizuokacity_yui_20260401_20260630174723_y27_0,第３プール前,,35.0940546189978,138.550433970283,feed_shizuokacity_yui_20260401_20260630174723_y27_0,0,y27_0,y27_0
feed_shizuokacity_yui_20260401_20260630174723,feed_shizuokacity_yui_20260401_20260630174723,feed_shizuokacity_yui_20260401_20260630174723_y28_0,小池邸明かりの博物館前,,35.0915722135216,138.548663382144,feed_shizuokacity_yui_20260401_20260630174723_y28_0,0,y28_0,y28_0
feed_shizuokacity_yui_20260401_20260630174723,feed_shizuokacity_yui_20260401_20260630174723,feed_shizuokacity_yui_20260401_20260630174723_y29_0,寺尾西,,35.089263437026,138.548350996365,feed_shizuokacity_yui_20260401_20260630174723_y29_0,0,y29_0,y29_0
feed_shizuokacity_yui_20260401_20260630174723,feed_shizuokacity_yui_20260401_20260630174723,feed_shizuokacity_yui_20260401_20260630174723_y30_0,権現橋,,35.0846111452309,138.546927683082,feed_shizuokacity_yui_20260401_20260630174723_y30_0,0,y30_0,y30_0
feed_shizuokacity_yui_20260401_20260630174723,feed_shizuokacity_yui_20260401_20260630174723,feed_shizuokacity_yui_20260401_20260630174723_y31_0,倉沢自治会公会堂,,35.0831095741843,138.546788862969,feed_shizuokacity_yui_20260401_20260630174723_y31_0,0,y31_0,y31_0
feed_shizuokacity_yui_20260401_20260630174723,feed_shizuokacity_yui_20260401_20260630174723,feed_shizuokacity_yui_20260401_20260630174723_y32_0,倉沢漁業事務所,,35.0814604484807,138.546580609923,feed_shizuokacity_yui_20260401_20260630174723_y32_0,0,y32_0,y32_0
feed_shizuokacity_yui_20260401_20260630174723,feed_shizuokacity_yui_20260401_20260630174723,feed_shizuokacity_yui_20260401_20260630174723_y33_0,商工会前,,35.1078467370739,138.560745067254,feed_shizuokacity_yui_20260401_20260630174723_y33_0,0,y33_0,y33_0
feed_shizuokacity_yui_20260401_20260630174723,feed_shizuokacity_yui_20260401_20260630174723,feed_shizuokacity_yui_20260401_20260630174723_y34_0,潘医院前,,35.1117177988557,138.55952974612,feed_shizuokacity_yui_20260401_20260630174723_y34_0,0,y34_0,y34_0
feed_shizuokacity_yui_20260401_20260630174723,feed_shizuokacity_yui_20260401_20260630174723,feed_shizuokacity_yui_20260401_20260630174723_y35_0,三鋼仮設資材置場裏,,35.1141741290575,138.559876845427,feed_shizuokacity_yui_20260401_20260630174723_y35_0,0,y35_0,y35_0
feed_shizuokacity_yui_20260401_20260630174723,feed_shizuokacity_yui_20260401_20260630174723,feed_shizuokacity_yui_20260401_20260630174723_y36_0,東内,,35.1192776858806,138.558453161872,feed_shizuokacity_yui_20260401_20260630174723_y36_0,0,y36_0,y36_0
feed_shizuokacity_yui_20260401_20260630174723,feed_shizuokacity_yui_20260401_20260630174723,feed_shizuokacity_yui_20260401_20260630174723_y37_0,大門,,35.1227755559089,138.558418309706,feed_shizuokacity_yui_20260401_20260630174723_y37_0,0,y37_0,y37_0
feed_shizuokacity_yui_20260401_20260630174723,feed_shizuokacity_yui_20260401_20260630174723,feed_shizuokacity_yui_20260401_20260630174723_y38_0,山内朝日堂,,35.1311512707905,138.555293257986,feed_shizuokacity_yui_20260401_20260630174723_y38_0,0,y38_0,y38_0
feed_shizuokacity_yui_20260401_20260630174723,feed_shizuokacity_yui_20260401_20260630174723,feed_shizuokacity_yui_20260401_20260630174723_y39_0,銚子口の滝入口,,35.1306216961467,138.550606178063,feed_shizuokacity_yui_20260401_20260630174723_y39_0,0,y39_0,y39_0
feed_shizuokacity_yui_20260401_20260630174723,feed_shizuokacity_yui_20260401_20260630174723,feed_shizuokacity_yui_20260401_20260630174723_y40_0,桜野会館,,35.1434326407018,138.546092187337,feed_shizuokacity_yui_20260401_20260630174723_y40_0,0,y40_0,y40_0
feed_shizuokacity_yui_20260401_20260630174723,feed_shizuokacity_yui_20260401_20260630174723,feed_shizuokacity_yui_20260401_20260630174723_y41_0,槍野会館,,35.1322967464807,138.546370364745,feed_shizuokacity_yui_20260401_20260630174723_y41_0,0,y41_0,y41_0
feed_shizuokacity_yui_20260401_20260630174723,feed_shizuokacity_yui_20260401_20260630174723,feed_shizuokacity_yui_20260401_20260630174723_y42_0,阿僧分譲地内公園前,,35.1117958776824,138.558071534213,feed_shizuokacity_yui_20260401_20260630174723_y42_0,0,y42_0,y42_0
feed_shizuokacity_yui_20260401_20260630174723,feed_shizuokacity_yui_20260401_20260630174723,feed_shizuokacity_yui_20260401_20260630174723_y43_0,浜石の郷入口,,35.1137574103504,138.556023023348,feed_shizuokacity_yui_20260401_20260630174723_y43_0,0,y43_0,y43_0
feed_shizuokacity_yui_20260401_20260630174723,feed_shizuokacity_yui_20260401_20260630174723,feed_shizuokacity_yui_20260401_20260630174723_y44_0,白井沢生産組合,,35.1141912941061,138.552308046018,feed_shizuokacity_yui_20260401_20260630174723_y44_0,0,y44_0,y44_0
feed_shizuokacity_yui_20260401_20260630174723,feed_shizuokacity_yui_20260401_20260630174723,feed_shizuokacity_yui_20260401_20260630174723_y45_0,西山寺,,35.1085755832455,138.551440277747,feed_shizuokacity_yui_20260401_20260630174723_y45_0,0,y45_0,y45_0
feed_shizuokacity_yui_20260401_20260630174723,feed_shizuokacity_yui_20260401_20260630174723,feed_shizuokacity_yui_20260401_20260630174723_y46_0,西山寺自治会館前,,35.107377847416,138.553245724764,feed_shizuokacity_yui_20260401_20260630174723_y46_0,0,y46_0,y46_0
feed_shizuokacity_yui_20260401_20260630174723,feed_shizuokacity_yui_20260401_20260630174723,feed_shizuokacity_yui_20260401_20260630174723_y47_0,原藤商店倉庫前,,35.1061540870856,138.555606680943,feed_shizuokacity_yui_20260401_20260630174723_y47_0,0,y47_0,y47_0
feed_shizuokacity_yui_20260401_20260630174723,feed_shizuokacity_yui_20260401_20260630174723,feed_shizuokacity_yui_20260401_20260630174723_y48_0,町屋原団地前,,35.1075602539298,138.558523045447,feed_shizuokacity_yui_20260401_20260630174723_y48_0,0,y48_0,y48_0
