grid_id,stop_id,stop_name,walking_distance_m,walking_time_min,trips_per_hour,headway_min,avg_wait_min
2676,feed_shizuokacity_yui_kanbara_20260401_20260630200146_b1_0,,750.85,9.01,0.167,360.0,180.0
2676,feed_shizuokacity_yui_kanbara_20260401_20260630200146_b32_0,,750.85,9.01,0.083,720.0,360.0
2757,feed_shizuokacity_yui_kanbara_20260401_20260630200146_b1_0,,537.41,6.45,0.167,360.0,180.0
2757,feed_shizuokacity_yui_kanbara_20260401_20260630200146_b31_0,,728.89,8.75,0.083,720.0,360.0
2757,feed_shizuokacity_yui_kanbara_20260401_20260630200146_b32_0,,537.41,6.45,0.083,720.0,360.0
2838,feed_shizuokacity_yui_kanbara_20260401_20260630200146_b1_0,,704.4,8.45,0.167,360.0,180.0
2838,feed_shizuokacity_yui_kanbara_20260401_20260630200146_b3_0,,925.24,11.1,0.083,720.0,360.0
2838,feed_shizuokacity_yui_kanbara_20260401_20260630200146_b29_0,,915.77,10.99,0.083,720.0,360.0
2838,feed_shizuokacity_yui_kanbara_20260401_20260630200146_b30_0,,695.52,8.35,0.083,720.0,360.0
2838,feed_shizuokacity_yui_kanbara_20260401_20260630200146_b31_0,,414.9,4.98,0.083,720.0,360.0
2838,feed_shizuokacity_yui_kanbara_20260401_20260630200146_b32_0,,704.4,8.45,0.083,720.0,360.0
2839,feed_shizuokacity_yui_kanbara_20260401_20260630200146_b1_0,,708.59,8.5,0.167,360.0,180.0
2839,feed_shizuokacity_yui_kanbara_20260401_20260630200146_b2_0,,434.92,5.22,0.083,720.0,360.0
2839,feed_shizuokacity_yui_kanbara_20260401_20260630200146_b3_0,,936.45,11.24,0.083,720.0,360.0
2839,feed_shizuokacity_yui_kanbara_20260401_20260630200146_b29_0,,926.98,11.12,0.083,720.0,360.0
2839,feed_shizuokacity_yui_kanbara_20260401_20260630200146_b30_0,,774.73,9.3,0.083,720.0,360.0
2839,feed_shizuokacity_yui_kanbara_20260401_20260630200146_b32_0,,708.59,8.5,0.083,720.0,360.0
2921,feed_shizuokacity_yui_kanbara_20260401_20260630200146_b1_0,,871.33,10.46,0.167,360.0,180.0
2921,feed_shizuokacity_yui_kanbara_20260401_20260630200146_b2_0,,514.19,6.17,0.083,720.0,360.0
2921,feed_shizuokacity_yui_kanbara_20260401_20260630200146_b3_0,,330.79,3.97,0.083,720.0,360.0
2921,feed_shizuokacity_yui_kanbara_20260401_20260630200146_b4_0,,597.95,7.18,0.083,720.0,360.0
2921,feed_shizuokacity_yui_kanbara_20260401_20260630200146_b5_0,,842.39,10.11,0.083,720.0,360.0
2921,feed_shizuokacity_yui_kanbara_20260401_20260630200146_b27_0,,685.41,8.22,0.083,720.0,360.0
2921,feed_shizuokacity_yui_kanbara_20260401_20260630200146_b28_0,,474.71,5.7,0.083,720.0,360.0
2921,feed_shizuokacity_yui_kanbara_20260401_20260630200146_b29_0,,321.32,3.86,0.083,720.0,360.0
2921,feed_shizuokacity_yui_kanbara_20260401_20260630200146_b30_0,,101.07,1.21,0.083,720.0,360.0
2921,feed_shizuokacity_yui_kanbara_20260401_20260630200146_b31_0,,179.55,2.15,0.083,720.0,360.0
2921,feed_shizuokacity_yui_kanbara_20260401_20260630200146_b32_0,,871.33,10.46,0.083,720.0,360.0
3003,feed_shizuokacity_yui_kanbara_20260401_20260630200146_b3_0,,517.38,6.21,0.083,720.0,360.0
3003,feed_shizuokacity_yui_kanbara_20260401_20260630200146_b4_0,,608.16,7.3,0.083,720.0,360.0
3003,feed_shizuokacity_yui_kanbara_20260401_20260630200146_b5_0,,852.61,10.23,0.083,720.0,360.0
3003,feed_shizuokacity_yui_kanbara_20260401_20260630200146_b26_0,,763.57,9.16,0.083,720.0,360.0
3003,feed_shizuokacity_yui_kanbara_20260401_20260630200146_b27_0,,481.34,5.78,0.083,720.0,360.0
3003,feed_shizuokacity_yui_kanbara_20260401_20260630200146_b28_0,,270.64,3.25,0.083,720.0,360.0
3003,feed_shizuokacity_yui_kanbara_20260401_20260630200146_b29_0,,381.74,4.58,0.083,720.0,360.0
3003,feed_shizuokacity_yui_kanbara_20260401_20260630200146_b30_0,,601.99,7.22,0.083,720.0,360.0
3003,feed_shizuokacity_yui_kanbara_20260401_20260630200146_b31_0,,882.61,10.59,0.083,720.0,360.0
3004,feed_shizuokacity_yui_kanbara_20260401_20260630200146_b2_0,,864.54,10.37,0.083,720.0,360.0
3004,feed_shizuokacity_yui_kanbara_20260401_20260630200146_b3_0,,541.42,6.5,0.083,720.0,360.0
3004,feed_shizuokacity_yui_kanbara_20260401_20260630200146_b4_0,,102.78,1.23,0.083,720.0,360.0
3004,feed_shizuokacity_yui_kanbara_20260401_20260630200146_b5_0,,347.23,4.17,0.083,720.0,360.0
3004,feed_shizuokacity_yui_kanbara_20260401_20260630200146_b6_0,,640.29,7.68,0.083,720.0,360.0
3004,feed_shizuokacity_yui_kanbara_20260401_20260630200146_b24_0,,832.03,9.98,0.083,720.0,360.0
3004,feed_shizuokacity_yui_kanbara_20260401_20260630200146_b25_0,,745.4,8.94,0.083,720.0,360.0
3004,feed_shizuokacity_yui_kanbara_20260401_20260630200146_b26_0,,430.44,5.17,0.083,720.0,360.0
3004,feed_shizuokacity_yui_kanbara_20260401_20260630200146_b27_0,,148.21,1.78,0.083,720.0,360.0
3004,feed_shizuokacity_yui_kanbara_20260401_20260630200146_b28_0,,284.99,3.42,0.083,720.0,360.0
3004,feed_shizuokacity_yui_kanbara_20260401_20260630200146_b29_0,,405.77,4.87,0.083,720.0,360.0
3004,feed_shizuokacity_yui_kanbara_20260401_20260630200146_b30_0,,626.02,7.51,0.083,720.0,360.0
3004,feed_shizuokacity_yui_kanbara_20260401_20260630200146_b31_0,,865.68,10.39,0.083,720.0,360.0
3005,feed_shizuokacity_yui_kanbara_20260401_20260630200146_b4_0,,448.92,5.39,0.083,720.0,360.0
3005,feed_shizuokacity_yui_kanbara_20260401_20260630200146_b5_0,,204.48,2.45,0.083,720.0,360.0
3005,feed_shizuokacity_yui_kanbara_20260401_20260630200146_b6_0,,88.59,1.06,0.083,720.0,360.0
3005,feed_shizuokacity_yui_kanbara_20260401_20260630200146_b7_0,,435.54,5.23,0.083,720.0,360.0
3005,feed_shizuokacity_yui_kanbara_20260401_20260630200146_b8_0,,899.24,10.79,0.083,720.0,360.0
3005,feed_shizuokacity_yui_kanbara_20260401_20260630200146_b23_0,,759.43,9.11,0.083,720.0,360.0
3005,feed_shizuokacity_yui_kanbara_20260401_20260630200146_b24_0,,429.03,5.15,0.083,720.0,360.0
3005,feed_shizuokacity_yui_kanbara_20260401_20260630200146_b25_0,,350.36,4.2,0.083,720.0,360.0
3005,feed_shizuokacity_yui_kanbara_20260401_20260630200146_b26_0,,382.1,4.59,0.083,720.0,360.0
3005,feed_shizuokacity_yui_kanbara_20260401_20260630200146_b27_0,,664.32,7.97,0.083,720.0,360.0
3005,feed_shizuokacity_yui_kanbara_20260401_20260630200146_b28_0,,786.44,9.44,0.083,720.0,360.0
3005,feed_shizuokacity_yui_kanbara_20260401_20260630200146_b29_0,,907.23,10.89,0.083,720.0,360.0
3085,feed_shizuokacity_yui_kanbara_20260401_20260630200146_b28_0,,879.59,10.56,0.083,720.0,360.0
3086,feed_shizuokacity_yui_kanbara_20260401_20260630200146_b3_0,,814.65,9.78,0.083,720.0,360.0
3086,feed_shizuokacity_yui_kanbara_20260401_20260630200146_b4_0,,744.33,8.93,0.083,720.0,360.0
3086,feed_shizuokacity_yui_kanbara_20260401_20260630200146_b26_0,,735.4,8.82,0.083,720.0,360.0
3086,feed_shizuokacity_yui_kanbara_20260401_20260630200146_b27_0,,493.34,5.92,0.083,720.0,360.0
3086,feed_shizuokacity_yui_kanbara_20260401_20260630200146_b28_0,,567.91,6.81,0.083,720.0,360.0
3086,feed_shizuokacity_yui_kanbara_20260401_20260630200146_b29_0,,679.0,8.15,0.083,720.0,360.0
3086,feed_shizuokacity_yui_kanbara_20260401_20260630200146_b30_0,,899.26,10.79,0.083,720.0,360.0
3087,feed_shizuokacity_yui_kanbara_20260401_20260630200146_b3_0,,881.27,10.58,0.083,720.0,360.0
3087,feed_shizuokacity_yui_kanbara_20260401_20260630200146_b4_0,,632.53,7.59,0.083,720.0,360.0
3087,feed_shizuokacity_yui_kanbara_20260401_20260630200146_b5_0,,587.39,7.05,0.083,720.0,360.0
3087,feed_shizuokacity_yui_kanbara_20260401_20260630200146_b6_0,,663.83,7.97,0.083,720.0,360.0
3087,feed_shizuokacity_yui_kanbara_20260401_20260630200146_b23_0,,959.15,11.51,0.083,720.0,360.0
3087,feed_shizuokacity_yui_kanbara_20260401_20260630200146_b24_0,,595.35,7.14,0.083,720.0,360.0
3087,feed_shizuokacity_yui_kanbara_20260401_20260630200146_b25_0,,508.72,6.1,0.083,720.0,360.0
3087,feed_shizuokacity_yui_kanbara_20260401_20260630200146_b26_0,,236.6,2.84,0.083,720.0,360.0
3087,feed_shizuokacity_yui_kanbara_20260401_20260630200146_b27_0,,381.54,4.58,0.083,720.0,360.0
3087,feed_shizuokacity_yui_kanbara_20260401_20260630200146_b28_0,,592.24,7.11,0.083,720.0,360.0
3087,feed_shizuokacity_yui_kanbara_20260401_20260630200146_b29_0,,745.62,8.95,0.083,720.0,360.0
3088,feed_shizuokacity_yui_kanbara_20260401_20260630200146_b4_0,,799.28,9.59,0.083,720.0,360.0
3088,feed_shizuokacity_yui_kanbara_20260401_20260630200146_b5_0,,554.84,6.66,0.083,720.0,360.0
3088,feed_shizuokacity_yui_kanbara_20260401_20260630200146_b6_0,,261.77,3.14,0.083,720.0,360.0
3088,feed_shizuokacity_yui_kanbara_20260401_20260630200146_b7_0,,452.68,5.43,0.083,720.0,360.0
3088,feed_shizuokacity_yui_kanbara_20260401_20260630200146_b8_0,,804.38,9.65,0.083,720.0,360.0
3088,feed_shizuokacity_yui_kanbara_20260401_20260630200146_b9_0,,872.44,10.47,0.083,720.0,360.0
3088,feed_shizuokacity_yui_kanbara_20260401_20260630200146_b22_0,,744.15,8.93,0.083,720.0,360.0
3088,feed_shizuokacity_yui_kanbara_20260401_20260630200146_b23_0,,450.43,5.41,0.083,720.0,360.0
3088,feed_shizuokacity_yui_kanbara_20260401_20260630200146_b24_0,,86.63,1.04,0.083,720.0,360.0
3088,feed_shizuokacity_yui_kanbara_20260401_20260630200146_b25_0,,0.0,0.0,0.083,720.0,360.0
3088,feed_shizuokacity_yui_kanbara_20260401_20260630200146_b26_0,,314.96,3.78,0.083,720.0,360.0
3088,feed_shizuokacity_yui_kanbara_20260401_20260630200146_b27_0,,597.19,7.17,0.083,720.0,360.0
3088,feed_shizuokacity_yui_kanbara_20260401_20260630200146_b28_0,,807.89,9.69,0.083,720.0,360.0
3089,feed_shizuokacity_yui_kanbara_20260401_20260630200146_b4_0,,930.6,11.17,0.083,720.0,360.0
3089,feed_shizuokacity_yui_kanbara_20260401_20260630200146_b5_0,,686.15,8.23,0.083,720.0,360.0
3089,feed_shizuokacity_yui_kanbara_20260401_20260630200146_b6_0,,393.09,4.72,0.083,720.0,360.0
3089,feed_shizuokacity_yui_kanbara_20260401_20260630200146_b7_0,,46.13,0.55,0.083,720.0,360.0
3089,feed_shizuokacity_yui_kanbara_20260401_20260630200146_b8_0,,417.56,5.01,0.083,720.0,360.0
3089,feed_shizuokacity_yui_kanbara_20260401_20260630200146_b9_0,,712.23,8.55,0.083,720.0,360.0
3089,feed_shizuokacity_yui_kanbara_20260401_20260630200146_b10_1,,902.14,10.83,0.083,720.0,360.0
3089,feed_shizuokacity_yui_kanbara_20260401_20260630200146_b10_2,,748.1,8.98,0.083,720.0,360.0
3089,feed_shizuokacity_yui_kanbara_20260401_20260630200146_b22_0,,583.94,7.01,0.083,720.0,360.0
3089,feed_shizuokacity_yui_kanbara_20260401_20260630200146_b23_0,,361.4,4.34,0.083,720.0,360.0
3089,feed_shizuokacity_yui_kanbara_20260401_20260630200146_b24_0,,376.04,4.51,0.083,720.0,360.0
3089,feed_shizuokacity_yui_kanbara_20260401_20260630200146_b25_0,,462.67,5.55,0.083,720.0,360.0
3089,feed_shizuokacity_yui_kanbara_20260401_20260630200146_b26_0,,777.64,9.33,0.083,720.0,360.0
3171,feed_shizuokacity_yui_kanbara_20260401_20260630200146_b5_0,,943.83,11.33,0.083,720.0,360.0
3171,feed_shizuokacity_yui_kanbara_20260401_20260630200146_b24_0,,922.83,11.07,0.083,720.0,360.0
3171,feed_shizuokacity_yui_kanbara_20260401_20260630200146_b25_0,,836.2,10.03,0.083,720.0,360.0
3171,feed_shizuokacity_yui_kanbara_20260401_20260630200146_b26_0,,641.47,7.7,0.083,720.0,360.0
3171,feed_shizuokacity_yui_kanbara_20260401_20260630200146_b27_0,,886.92,10.64,0.083,720.0,360.0
3172,feed_shizuokacity_yui_kanbara_20260401_20260630200146_b6_0,,760.81,9.13,0.083,720.0,360.0
3172,feed_shizuokacity_yui_kanbara_20260401_20260630200146_b7_0,,639.56,7.67,0.083,720.0,360.0
3172,feed_shizuokacity_yui_kanbara_20260401_20260630200146_b8_0,,877.38,10.53,0.083,720.0,360.0
3172,feed_shizuokacity_yui_kanbara_20260401_20260630200146_b9_0,,945.44,11.35,0.083,720.0,360.0
3172,feed_shizuokacity_yui_kanbara_20260401_20260630200146_b22_0,,817.15,9.81,0.083,720.0,360.0
3172,feed_shizuokacity_yui_kanbara_20260401_20260630200146_b23_0,,523.43,6.28,0.083,720.0,360.0
3172,feed_shizuokacity_yui_kanbara_20260401_20260630200146_b24_0,,434.78,5.22,0.083,720.0,360.0
3172,feed_shizuokacity_yui_kanbara_20260401_20260630200146_b25_0,,521.41,6.26,0.083,720.0,360.0
3172,feed_shizuokacity_yui_kanbara_20260401_20260630200146_b26_0,,836.37,10.04,0.083,720.0,360.0
3173,feed_shizuokacity_yui_kanbara_20260401_20260630200146_b6_0,,861.8,10.34,0.083,720.0,360.0
3173,feed_shizuokacity_yui_kanbara_20260401_20260630200146_b7_0,,685.12,8.22,0.083,720.0,360.0
3173,feed_shizuokacity_yui_kanbara_20260401_20260630200146_b8_0,,738.83,8.87,0.083,720.0,360.0
3173,feed_shizuokacity_yui_kanbara_20260401_20260630200146_b9_0,,806.89,9.68,0.083,720.0,360.0
3173,feed_shizuokacity_yui_kanbara_20260401_20260630200146_b10_2,,895.86,10.75,0.083,720.0,360.0
3173,feed_shizuokacity_yui_kanbara_20260401_20260630200146_b22_0,,678.6,8.14,0.083,720.0,360.0
3173,feed_shizuokacity_yui_kanbara_20260401_20260630200146_b23_0,,384.87,4.62,0.083,720.0,360.0
3173,feed_shizuokacity_yui_kanbara_20260401_20260630200146_b24_0,,554.76,6.66,0.083,720.0,360.0
3173,feed_shizuokacity_yui_kanbara_20260401_20260630200146_b25_0,,641.39,7.7,0.083,720.0,360.0
3173,feed_shizuokacity_yui_kanbara_20260401_20260630200146_b26_0,,956.36,11.48,0.083,720.0,360.0
3174,feed_shizuokacity_yui_kanbara_20260401_20260630200146_b7_0,,874.7,10.5,0.083,720.0,360.0
3174,feed_shizuokacity_yui_kanbara_20260401_20260630200146_b8_0,,411.0,4.93,0.083,720.0,360.0
3174,feed_shizuokacity_yui_kanbara_20260401_20260630200146_b9_0,,226.59,2.72,0.083,720.0,360.0
3174,feed_shizuokacity_yui_kanbara_20260401_20260630200146_b10_1,,360.85,4.33,0.083,720.0,360.0
3174,feed_shizuokacity_yui_kanbara_20260401_20260630200146_b10_2,,159.42,1.91,0.083,720.0,360.0
3174,feed_shizuokacity_yui_kanbara_20260401_20260630200146_b11_1,,663.31,7.96,0.083,720.0,360.0
3174,feed_shizuokacity_yui_kanbara_20260401_20260630200146_b11_2,,636.4,7.64,0.083,720.0,360.0
3174,feed_shizuokacity_yui_kanbara_20260401_20260630200146_b22_0,,244.63,2.94,0.083,720.0,360.0
3174,feed_shizuokacity_yui_kanbara_20260401_20260630200146_b23_0,,538.35,6.46,0.083,720.0,360.0
3174,feed_shizuokacity_yui_kanbara_20260401_20260630200146_b24_0,,902.15,10.83,0.083,720.0,360.0
3257,feed_shizuokacity_yui_kanbara_20260401_20260630200146_b25_0,,915.32,10.98,0.083,720.0,360.0
3261,feed_shizuokacity_yui_kanbara_20260401_20260630200146_b10_1,,582.08,6.98,0.083,720.0,360.0
3261,feed_shizuokacity_yui_kanbara_20260401_20260630200146_b10_2,,821.11,9.85,0.083,720.0,360.0
3261,feed_shizuokacity_yui_kanbara_20260401_20260630200146_b11_1,,330.86,3.97,0.083,720.0,360.0
3261,feed_shizuokacity_yui_kanbara_20260401_20260630200146_b11_2,,482.95,5.8,0.083,720.0,360.0
3261,feed_shizuokacity_yui_kanbara_20260401_20260630200146_b12_0,,722.78,8.67,0.167,360.0,180.0
3262,feed_shizuokacity_yui_kanbara_20260401_20260630200146_b10_1,,609.47,7.31,0.083,720.0,360.0
3262,feed_shizuokacity_yui_kanbara_20260401_20260630200146_b10_2,,848.5,10.18,0.083,720.0,360.0
3262,feed_shizuokacity_yui_kanbara_20260401_20260630200146_b11_1,,358.26,4.3,0.083,720.0,360.0
3262,feed_shizuokacity_yui_kanbara_20260401_20260630200146_b11_2,,505.31,6.06,0.083,720.0,360.0
3262,feed_shizuokacity_yui_kanbara_20260401_20260630200146_b12_0,,302.11,3.63,0.167,360.0,180.0
3262,feed_shizuokacity_yui_kanbara_20260401_20260630200146_b13_1,,616.42,7.4,0.083,720.0,360.0
3262,feed_shizuokacity_yui_kanbara_20260401_20260630200146_b13_2,,669.65,8.04,0.083,720.0,360.0
3263,feed_shizuokacity_yui_kanbara_20260401_20260630200146_b11_1,,735.75,8.83,0.083,720.0,360.0
3263,feed_shizuokacity_yui_kanbara_20260401_20260630200146_b11_2,,868.99,10.43,0.083,720.0,360.0
3263,feed_shizuokacity_yui_kanbara_20260401_20260630200146_b12_0,,387.59,4.65,0.167,360.0,180.0
3263,feed_shizuokacity_yui_kanbara_20260401_20260630200146_b13_1,,212.62,2.55,0.083,720.0,360.0
3263,feed_shizuokacity_yui_kanbara_20260401_20260630200146_b13_2,,265.85,3.19,0.083,720.0,360.0
3263,feed_shizuokacity_yui_kanbara_20260401_20260630200146_b14_1,,582.19,6.99,0.083,720.0,360.0
3263,feed_shizuokacity_yui_kanbara_20260401_20260630200146_b14_2,,593.89,7.13,0.083,720.0,360.0
3263,feed_shizuokacity_yui_kanbara_20260401_20260630200146_b15_1,,927.77,11.13,0.083,720.0,360.0
3264,feed_shizuokacity_yui_kanbara_20260401_20260630200146_b12_0,,712.9,8.55,0.167,360.0,180.0
3264,feed_shizuokacity_yui_kanbara_20260401_20260630200146_b13_1,,287.62,3.45,0.083,720.0,360.0
3264,feed_shizuokacity_yui_kanbara_20260401_20260630200146_b13_2,,234.4,2.81,0.083,720.0,360.0
3264,feed_shizuokacity_yui_kanbara_20260401_20260630200146_b14_1,,84.53,1.01,0.083,720.0,360.0
3264,feed_shizuokacity_yui_kanbara_20260401_20260630200146_b14_2,,96.23,1.15,0.083,720.0,360.0
3264,feed_shizuokacity_yui_kanbara_20260401_20260630200146_b15_1,,442.87,5.31,0.083,720.0,360.0
3264,feed_shizuokacity_yui_kanbara_20260401_20260630200146_b15_2,,488.88,5.87,0.083,720.0,360.0
3264,feed_shizuokacity_yui_kanbara_20260401_20260630200146_b16_1,,918.06,11.02,0.083,720.0,360.0
3265,feed_shizuokacity_yui_kanbara_20260401_20260630200146_b13_1,,726.13,8.71,0.083,720.0,360.0
3265,feed_shizuokacity_yui_kanbara_20260401_20260630200146_b13_2,,672.9,8.07,0.083,720.0,360.0
3265,feed_shizuokacity_yui_kanbara_20260401_20260630200146_b14_1,,353.98,4.25,0.083,720.0,360.0
3265,feed_shizuokacity_yui_kanbara_20260401_20260630200146_b14_2,,342.28,4.11,0.083,720.0,360.0
3265,feed_shizuokacity_yui_kanbara_20260401_20260630200146_b15_1,,113.23,1.36,0.083,720.0,360.0
3265,feed_shizuokacity_yui_kanbara_20260401_20260630200146_b15_2,,159.23,1.91,0.083,720.0,360.0
3265,feed_shizuokacity_yui_kanbara_20260401_20260630200146_b16_1,,588.41,7.06,0.083,720.0,360.0
3265,feed_shizuokacity_yui_kanbara_20260401_20260630200146_b16_2,,672.38,8.07,0.083,720.0,360.0
3266,feed_shizuokacity_yui_kanbara_20260401_20260630200146_b14_1,,865.43,10.39,0.083,720.0,360.0
3266,feed_shizuokacity_yui_kanbara_20260401_20260630200146_b14_2,,853.73,10.24,0.083,720.0,360.0
3266,feed_shizuokacity_yui_kanbara_20260401_20260630200146_b15_1,,507.09,6.09,0.083,720.0,360.0
3266,feed_shizuokacity_yui_kanbara_20260401_20260630200146_b15_2,,461.08,5.53,0.083,720.0,360.0
3266,feed_shizuokacity_yui_kanbara_20260401_20260630200146_b16_1,,543.7,6.52,0.083,720.0,360.0
3266,feed_shizuokacity_yui_kanbara_20260401_20260630200146_b16_2,,513.63,6.16,0.083,720.0,360.0
3266,feed_shizuokacity_yui_kanbara_20260401_20260630200146_b17_1,,738.98,8.87,0.083,720.0,360.0
3266,feed_shizuokacity_yui_kanbara_20260401_20260630200146_b17_2,,718.09,8.62,0.083,720.0,360.0
3267,feed_shizuokacity_yui_kanbara_20260401_20260630200146_b16_1,,855.49,10.27,0.083,720.0,360.0
3267,feed_shizuokacity_yui_kanbara_20260401_20260630200146_b16_2,,771.53,9.26,0.083,720.0,360.0
3267,feed_shizuokacity_yui_kanbara_20260401_20260630200146_b17_1,,656.95,7.88,0.083,720.0,360.0
3267,feed_shizuokacity_yui_kanbara_20260401_20260630200146_b17_2,,636.06,7.63,0.083,720.0,360.0
3267,feed_shizuokacity_yui_kanbara_20260401_20260630200146_b18_1,,713.09,8.56,0.083,720.0,360.0
3267,feed_shizuokacity_yui_kanbara_20260401_20260630200146_b18_2,,744.81,8.94,0.083,720.0,360.0
3268,feed_shizuokacity_yui_kanbara_20260401_20260630200146_b16_1,,955.95,11.47,0.083,720.0,360.0
3268,feed_shizuokacity_yui_kanbara_20260401_20260630200146_b16_2,,871.98,10.46,0.083,720.0,360.0
3268,feed_shizuokacity_yui_kanbara_20260401_20260630200146_b17_1,,703.04,8.44,0.083,720.0,360.0
3268,feed_shizuokacity_yui_kanbara_20260401_20260630200146_b17_2,,710.78,8.53,0.083,720.0,360.0
3268,feed_shizuokacity_yui_kanbara_20260401_20260630200146_b18_1,,488.75,5.87,0.083,720.0,360.0
3268,feed_shizuokacity_yui_kanbara_20260401_20260630200146_b18_2,,457.04,5.48,0.083,720.0,360.0
3269,feed_shizuokacity_yui_kanbara_20260401_20260630200146_b17_1,,886.41,10.64,0.083,720.0,360.0
3269,feed_shizuokacity_yui_kanbara_20260401_20260630200146_b17_2,,894.16,10.73,0.083,720.0,360.0
3269,feed_shizuokacity_yui_kanbara_20260401_20260630200146_b18_1,,672.13,8.07,0.083,720.0,360.0
3269,feed_shizuokacity_yui_kanbara_20260401_20260630200146_b18_2,,640.41,7.68,0.083,720.0,360.0
3269,feed_shizuokacity_yui_kanbara_20260401_20260630200146_b19_1,,863.09,10.36,0.083,720.0,360.0
3269,feed_shizuokacity_yui_kanbara_20260401_20260630200146_b19_2,,863.09,10.36,0.083,720.0,360.0
3361,feed_shizuokacity_yui_kanbara_20260401_20260630200146_b11_1,,838.37,10.06,0.083,720.0,360.0
3361,feed_shizuokacity_yui_kanbara_20260401_20260630200146_b12_0,,892.86,10.71,0.167,360.0,180.0
3363,feed_shizuokacity_yui_kanbara_20260401_20260630200146_b14_1,,700.1,8.4,0.083,720.0,360.0
3363,feed_shizuokacity_yui_kanbara_20260401_20260630200146_b14_2,,688.4,8.26,0.083,720.0,360.0
3363,feed_shizuokacity_yui_kanbara_20260401_20260630200146_b15_1,,506.96,6.08,0.083,720.0,360.0
3363,feed_shizuokacity_yui_kanbara_20260401_20260630200146_b15_2,,552.96,6.64,0.083,720.0,360.0
3364,feed_shizuokacity_yui_kanbara_20260401_20260630200146_b13_1,,855.64,10.27,0.083,720.0,360.0
3364,feed_shizuokacity_yui_kanbara_20260401_20260630200146_b13_2,,802.41,9.63,0.083,720.0,360.0
3364,feed_shizuokacity_yui_kanbara_20260401_20260630200146_b14_1,,483.49,5.8,0.083,720.0,360.0
3364,feed_shizuokacity_yui_kanbara_20260401_20260630200146_b14_2,,471.79,5.66,0.083,720.0,360.0
3364,feed_shizuokacity_yui_kanbara_20260401_20260630200146_b15_1,,188.58,2.26,0.083,720.0,360.0
3364,feed_shizuokacity_yui_kanbara_20260401_20260630200146_b15_2,,183.86,2.21,0.083,720.0,360.0
3364,feed_shizuokacity_yui_kanbara_20260401_20260630200146_b16_1,,582.43,6.99,0.083,720.0,360.0
3364,feed_shizuokacity_yui_kanbara_20260401_20260630200146_b16_2,,663.91,7.97,0.083,720.0,360.0
3365,feed_shizuokacity_yui_kanbara_20260401_20260630200146_b15_1,,629.84,7.56,0.083,720.0,360.0
3365,feed_shizuokacity_yui_kanbara_20260401_20260630200146_b15_2,,583.84,7.01,0.083,720.0,360.0
3365,feed_shizuokacity_yui_kanbara_20260401_20260630200146_b16_1,,204.41,2.45,0.083,720.0,360.0
3365,feed_shizuokacity_yui_kanbara_20260401_20260630200146_b16_2,,282.77,3.39,0.083,720.0,360.0
3365,feed_shizuokacity_yui_kanbara_20260401_20260630200146_b17_1,,632.79,7.59,0.083,720.0,360.0
3365,feed_shizuokacity_yui_kanbara_20260401_20260630200146_b17_2,,611.9,7.34,0.083,720.0,360.0
3365,feed_shizuokacity_yui_kanbara_20260401_20260630200146_b18_1,,911.59,10.94,0.083,720.0,360.0
3365,feed_shizuokacity_yui_kanbara_20260401_20260630200146_b18_2,,943.31,11.32,0.083,720.0,360.0
3366,feed_shizuokacity_yui_kanbara_20260401_20260630200146_b16_1,,626.39,7.52,0.083,720.0,360.0
3366,feed_shizuokacity_yui_kanbara_20260401_20260630200146_b16_2,,542.43,6.51,0.083,720.0,360.0
3366,feed_shizuokacity_yui_kanbara_20260401_20260630200146_b17_1,,275.82,3.31,0.083,720.0,360.0
3366,feed_shizuokacity_yui_kanbara_20260401_20260630200146_b17_2,,296.71,3.56,0.083,720.0,360.0
3366,feed_shizuokacity_yui_kanbara_20260401_20260630200146_b18_1,,384.52,4.61,0.083,720.0,360.0
3366,feed_shizuokacity_yui_kanbara_20260401_20260630200146_b18_2,,416.24,4.99,0.083,720.0,360.0
3366,feed_shizuokacity_yui_kanbara_20260401_20260630200146_b19_1,,937.6,11.25,0.083,720.0,360.0
3366,feed_shizuokacity_yui_kanbara_20260401_20260630200146_b19_2,,937.6,11.25,0.083,720.0,360.0
3367,feed_shizuokacity_yui_kanbara_20260401_20260630200146_b16_1,,825.56,9.91,0.083,720.0,360.0
3367,feed_shizuokacity_yui_kanbara_20260401_20260630200146_b16_2,,741.59,8.9,0.083,720.0,360.0
3367,feed_shizuokacity_yui_kanbara_20260401_20260630200146_b17_1,,459.65,5.52,0.083,720.0,360.0
3367,feed_shizuokacity_yui_kanbara_20260401_20260630200146_b17_2,,480.54,5.77,0.083,720.0,360.0
3367,feed_shizuokacity_yui_kanbara_20260401_20260630200146_b18_1,,196.25,2.35,0.083,720.0,360.0
3367,feed_shizuokacity_yui_kanbara_20260401_20260630200146_b18_2,,164.53,1.97,0.083,720.0,360.0
3367,feed_shizuokacity_yui_kanbara_20260401_20260630200146_b19_1,,635.62,7.63,0.083,720.0,360.0
3367,feed_shizuokacity_yui_kanbara_20260401_20260630200146_b19_2,,635.62,7.63,0.083,720.0,360.0
3368,feed_shizuokacity_yui_kanbara_20260401_20260630200146_b17_1,,933.57,11.2,0.083,720.0,360.0
3368,feed_shizuokacity_yui_kanbara_20260401_20260630200146_b17_2,,954.46,11.45,0.083,720.0,360.0
3368,feed_shizuokacity_yui_kanbara_20260401_20260630200146_b18_1,,670.16,8.04,0.083,720.0,360.0
3368,feed_shizuokacity_yui_kanbara_20260401_20260630200146_b18_2,,638.44,7.66,0.083,720.0,360.0
3368,feed_shizuokacity_yui_kanbara_20260401_20260630200146_b19_1,,580.29,6.96,0.083,720.0,360.0
3368,feed_shizuokacity_yui_kanbara_20260401_20260630200146_b19_2,,580.29,6.96,0.083,720.0,360.0
3463,feed_shizuokacity_yui_kanbara_20260401_20260630200146_b15_1,,873.37,10.48,0.083,720.0,360.0
3463,feed_shizuokacity_yui_kanbara_20260401_20260630200146_b15_2,,919.38,11.03,0.083,720.0,360.0
3466,feed_shizuokacity_yui_kanbara_20260401_20260630200146_b16_1,,822.17,9.87,0.083,720.0,360.0
3466,feed_shizuokacity_yui_kanbara_20260401_20260630200146_b16_2,,738.21,8.86,0.083,720.0,360.0
3466,feed_shizuokacity_yui_kanbara_20260401_20260630200146_b17_1,,668.82,8.03,0.083,720.0,360.0
3466,feed_shizuokacity_yui_kanbara_20260401_20260630200146_b17_2,,689.71,8.28,0.083,720.0,360.0
3466,feed_shizuokacity_yui_kanbara_20260401_20260630200146_b18_1,,777.51,9.33,0.083,720.0,360.0
3466,feed_shizuokacity_yui_kanbara_20260401_20260630200146_b18_2,,809.23,9.71,0.083,720.0,360.0
3467,feed_shizuokacity_yui_kanbara_20260401_20260630200146_b18_1,,867.3,10.41,0.083,720.0,360.0
3467,feed_shizuokacity_yui_kanbara_20260401_20260630200146_b18_2,,835.58,10.03,0.083,720.0,360.0
3467,feed_shizuokacity_yui_kanbara_20260401_20260630200146_b19_1,,599.45,7.19,0.083,720.0,360.0
3467,feed_shizuokacity_yui_kanbara_20260401_20260630200146_b19_2,,599.45,7.19,0.083,720.0,360.0
3467,feed_shizuokacity_yui_kanbara_20260401_20260630200146_b20_1,,880.04,10.56,0.083,720.0,360.0
3467,feed_shizuokacity_yui_kanbara_20260401_20260630200146_b20_2,,880.04,10.56,0.083,720.0,360.0
3468,feed_shizuokacity_yui_kanbara_20260401_20260630200146_b17_1,,911.78,10.94,0.083,720.0,360.0
3468,feed_shizuokacity_yui_kanbara_20260401_20260630200146_b17_2,,932.67,11.19,0.083,720.0,360.0
3468,feed_shizuokacity_yui_kanbara_20260401_20260630200146_b18_1,,632.99,7.6,0.083,720.0,360.0
3468,feed_shizuokacity_yui_kanbara_20260401_20260630200146_b18_2,,601.27,7.22,0.083,720.0,360.0
3468,feed_shizuokacity_yui_kanbara_20260401_20260630200146_b19_1,,33.3,0.4,0.083,720.0,360.0
3468,feed_shizuokacity_yui_kanbara_20260401_20260630200146_b19_2,,33.3,0.4,0.083,720.0,360.0
3468,feed_shizuokacity_yui_kanbara_20260401_20260630200146_b20_1,,509.32,6.11,0.083,720.0,360.0
3468,feed_shizuokacity_yui_kanbara_20260401_20260630200146_b20_2,,509.32,6.11,0.083,720.0,360.0
3469,feed_shizuokacity_yui_kanbara_20260401_20260630200146_b19_1,,530.45,6.37,0.083,720.0,360.0
3469,feed_shizuokacity_yui_kanbara_20260401_20260630200146_b19_2,,530.45,6.37,0.083,720.0,360.0
3469,feed_shizuokacity_yui_kanbara_20260401_20260630200146_b20_1,,324.38,3.89,0.083,720.0,360.0
3469,feed_shizuokacity_yui_kanbara_20260401_20260630200146_b20_2,,324.38,3.89,0.083,720.0,360.0
3470,feed_shizuokacity_yui_kanbara_20260401_20260630200146_b20_1,,782.88,9.39,0.083,720.0,360.0
3470,feed_shizuokacity_yui_kanbara_20260401_20260630200146_b20_2,,782.88,9.39,0.083,720.0,360.0
3567,feed_shizuokacity_yui_kanbara_20260401_20260630200146_b19_1,,863.25,10.36,0.083,720.0,360.0
3567,feed_shizuokacity_yui_kanbara_20260401_20260630200146_b19_2,,863.25,10.36,0.083,720.0,360.0
3568,feed_shizuokacity_yui_kanbara_20260401_20260630200146_b19_1,,458.99,5.51,0.083,720.0,360.0
3568,feed_shizuokacity_yui_kanbara_20260401_20260630200146_b19_2,,458.99,5.51,0.083,720.0,360.0
3568,feed_shizuokacity_yui_kanbara_20260401_20260630200146_b20_1,,620.94,7.45,0.083,720.0,360.0
3568,feed_shizuokacity_yui_kanbara_20260401_20260630200146_b20_2,,620.94,7.45,0.083,720.0,360.0
3569,feed_shizuokacity_yui_kanbara_20260401_20260630200146_b19_1,,773.94,9.29,0.083,720.0,360.0
3569,feed_shizuokacity_yui_kanbara_20260401_20260630200146_b19_2,,773.94,9.29,0.083,720.0,360.0
3569,feed_shizuokacity_yui_kanbara_20260401_20260630200146_b20_1,,819.3,9.83,0.083,720.0,360.0
3569,feed_shizuokacity_yui_kanbara_20260401_20260630200146_b20_2,,819.3,9.83,0.083,720.0,360.0
3570,feed_shizuokacity_yui_kanbara_20260401_20260630200146_b20_1,,745.64,8.95,0.083,720.0,360.0
3570,feed_shizuokacity_yui_kanbara_20260401_20260630200146_b20_2,,745.64,8.95,0.083,720.0,360.0
3594,feed_shizuokacity_ikawa_20260401_20260630213838_i1_0,,328.99,3.95,0.167,360.0,180.0
3595,feed_shizuokacity_ikawa_20260401_20260630213838_i1_0,,219.09,2.63,0.167,360.0,180.0
3668,feed_shizuokacity_yui_kanbara_20260401_20260630200146_b20_1,,939.59,11.28,0.083,720.0,360.0
3668,feed_shizuokacity_yui_kanbara_20260401_20260630200146_b20_2,,939.59,11.28,0.083,720.0,360.0
3693,feed_shizuokacity_ikawa_20260401_20260630213838_i1_0,,328.99,3.95,0.167,360.0,180.0
3694,feed_shizuokacity_ikawa_20260401_20260630213838_i1_0,,219.09,2.63,0.167,360.0,180.0
3787,feed_shizuokacity_ikawa_20260401_20260630213838_i1_0,,392.46,4.71,0.167,360.0,180.0
3788,feed_shizuokacity_ikawa_20260401_20260630213838_i1_0,,0.0,0.0,0.167,360.0,180.0
3878,feed_shizuokacity_ikawa_20260401_20260630213838_i1_0,,392.46,4.71,0.167,360.0,180.0
3879,feed_shizuokacity_ikawa_20260401_20260630213838_i1_0,,0.0,0.0,0.167,360.0,180.0
4582,feed_shizuokacity_ikawa_20260401_20260630213838_i2_0,,752.04,9.02,0.167,360.0,180.0
4583,feed_shizuokacity_ikawa_20260401_20260630213838_i2_0,,752.04,9.02,0.167,360.0,180.0
4584,feed_shizuokacity_ikawa_20260401_20260630213838_i2_0,,752.04,9.02,0.167,360.0,180.0
4638,feed_shizuokacity_ikawa_20260401_20260630213838_i2_0,,752.04,9.02,0.167,360.0,180.0
4639,feed_shizuokacity_ikawa_20260401_20260630213838_i2_0,,752.04,9.02,0.167,360.0,180.0
4640,feed_shizuokacity_ikawa_20260401_20260630213838_i2_0,,752.04,9.02,0.167,360.0,180.0
4641,feed_shizuokacity_ikawa_20260401_20260630213838_i2_0,,752.04,9.02,0.167,360.0,180.0
4642,feed_shizuokacity_ikawa_20260401_20260630213838_i2_0,,16.41,0.2,0.167,360.0,180.0
4689,feed_shizuokacity_ikawa_20260401_20260630213838_i2_0,,16.41,0.2,0.167,360.0,180.0
4787,feed_shizuokacity_ikawa_20260401_20260630213838_i2_0,,773.99,9.29,0.167,360.0,180.0
4834,feed_shizuokacity_ikawa_20260401_20260630213838_i3_0,,954.39,11.45,0.167,360.0,180.0
4880,feed_shizuokacity_ikawa_20260401_20260630213838_i4_0,,605.52,7.27,0.417,144.0,72.0
4886,feed_shizuokacity_ikawa_20260401_20260630213838_i3_0,,309.79,3.72,0.167,360.0,180.0
4928,feed_shizuokacity_ikawa_20260401_20260630213838_i4_0,,605.52,7.27,0.417,144.0,72.0
4929,feed_shizuokacity_ikawa_20260401_20260630213838_i4_0,,605.52,7.27,0.417,144.0,72.0
4930,feed_shizuokacity_ikawa_20260401_20260630213838_i4_0,,605.52,7.27,0.417,144.0,72.0
4931,feed_shizuokacity_ikawa_20260401_20260630213838_i4_0,,605.52,7.27,0.417,144.0,72.0
4932,feed_shizuokacity_ikawa_20260401_20260630213838_i4_0,,605.52,7.27,0.417,144.0,72.0
4933,feed_shizuokacity_ikawa_20260401_20260630213838_i7_0,,785.95,9.43,0.458,130.91,65.45
4936,feed_shizuokacity_ikawa_20260401_20260630213838_i3_0,,0.0,0.0,0.167,360.0,180.0
4937,feed_shizuokacity_ikawa_20260401_20260630213838_i3_0,,745.36,8.94,0.167,360.0,180.0
4938,feed_shizuokacity_ikawa_20260401_20260630213838_i3_0,,852.84,10.23,0.167,360.0,180.0
4976,feed_shizuokacity_ikawa_20260401_20260630213838_i4_0,,605.52,7.27,0.417,144.0,72.0
4977,feed_shizuokacity_ikawa_20260401_20260630213838_i4_0,,605.52,7.27,0.417,144.0,72.0
4978,feed_shizuokacity_ikawa_20260401_20260630213838_i4_0,,605.52,7.27,0.417,144.0,72.0
4979,feed_shizuokacity_ikawa_20260401_20260630213838_i7_0,,785.95,9.43,0.458,130.91,65.45
4980,feed_shizuokacity_ikawa_20260401_20260630213838_i7_0,,785.95,9.43,0.458,130.91,65.45
5023,feed_shizuokacity_ikawa_20260401_20260630213838_i4_0,,369.56,4.43,0.417,144.0,72.0
5024,feed_shizuokacity_ikawa_20260401_20260630213838_i4_0,,369.56,4.43,0.417,144.0,72.0
5025,feed_shizuokacity_ikawa_20260401_20260630213838_i4_0,,87.75,1.05,0.417,144.0,72.0
5026,feed_shizuokacity_ikawa_20260401_20260630213838_i7_0,,785.95,9.43,0.458,130.91,65.45
5027,feed_shizuokacity_ikawa_20260401_20260630213838_i6_0,,908.96,10.91,0.458,130.91,65.45
5027,feed_shizuokacity_ikawa_20260401_20260630213838_i7_0,,679.3,8.15,0.458,130.91,65.45
5028,feed_shizuokacity_ikawa_20260401_20260630213838_i7_0,,0.0,0.0,0.458,130.91,65.45
5028,feed_shizuokacity_ikawa_20260401_20260630213838_i9_0,,895.5,10.75,0.458,130.91,65.45
5028,feed_shizuokacity_ikawa_20260401_20260630213838_i13_0,,873.48,10.48,0.417,144.0,72.0
5070,feed_shizuokacity_ikawa_20260401_20260630213838_i5_0,,400.67,4.81,0.458,130.91,65.45
5070,feed_shizuokacity_ikawa_20260401_20260630213838_i6_0,,722.17,8.67,0.458,130.91,65.45
5071,feed_shizuokacity_ikawa_20260401_20260630213838_i5_0,,100.45,1.21,0.458,130.91,65.45
5071,feed_shizuokacity_ikawa_20260401_20260630213838_i6_0,,421.95,5.06,0.458,130.91,65.45
5072,feed_shizuokacity_ikawa_20260401_20260630213838_i5_0,,469.1,5.63,0.458,130.91,65.45
5072,feed_shizuokacity_ikawa_20260401_20260630213838_i6_0,,274.08,3.29,0.458,130.91,65.45
5073,feed_shizuokacity_ikawa_20260401_20260630213838_i5_0,,935.94,11.23,0.458,130.91,65.45
5073,feed_shizuokacity_ikawa_20260401_20260630213838_i6_0,,740.92,8.89,0.458,130.91,65.45
5073,feed_shizuokacity_ikawa_20260401_20260630213838_i7_0,,847.34,10.17,0.458,130.91,65.45
5074,feed_shizuokacity_ikawa_20260401_20260630213838_i7_0,,0.0,0.0,0.458,130.91,65.45
5074,feed_shizuokacity_ikawa_20260401_20260630213838_i9_0,,895.5,10.75,0.458,130.91,65.45
5074,feed_shizuokacity_ikawa_20260401_20260630213838_i13_0,,873.48,10.48,0.417,144.0,72.0
5075,feed_shizuokacity_ikawa_20260401_20260630213838_i7_0,,169.65,2.04,0.458,130.91,65.45
5075,feed_shizuokacity_ikawa_20260401_20260630213838_i9_0,,725.85,8.71,0.458,130.91,65.45
5075,feed_shizuokacity_ikawa_20260401_20260630213838_i10_0,,959.94,11.52,0.458,130.91,65.45
5075,feed_shizuokacity_ikawa_20260401_20260630213838_i13_0,,703.83,8.45,0.417,144.0,72.0
5116,feed_shizuokacity_ikawa_20260401_20260630213838_i5_0,,400.67,4.81,0.458,130.91,65.45
5116,feed_shizuokacity_ikawa_20260401_20260630213838_i6_0,,722.17,8.67,0.458,130.91,65.45
5117,feed_shizuokacity_ikawa_20260401_20260630213838_i5_0,,287.22,3.45,0.458,130.91,65.45
5117,feed_shizuokacity_ikawa_20260401_20260630213838_i6_0,,608.73,7.3,0.458,130.91,65.45
5118,feed_shizuokacity_ikawa_20260401_20260630213838_i5_0,,321.45,3.86,0.458,130.91,65.45
5118,feed_shizuokacity_ikawa_20260401_20260630213838_i6_0,,38.2,0.46,0.458,130.91,65.45
5119,feed_shizuokacity_ikawa_20260401_20260630213838_i5_0,,770.89,9.25,0.458,130.91,65.45
5119,feed_shizuokacity_ikawa_20260401_20260630213838_i6_0,,489.32,5.87,0.458,130.91,65.45
5119,feed_shizuokacity_ikawa_20260401_20260630213838_i7_0,,807.66,9.69,0.458,130.91,65.45
5120,feed_shizuokacity_ikawa_20260401_20260630213838_i7_0,,586.79,7.04,0.458,130.91,65.45
5121,feed_shizuokacity_ikawa_20260401_20260630213838_i7_0,,865.21,10.38,0.458,130.91,65.45
5121,feed_shizuokacity_ikawa_20260401_20260630213838_i9_0,,414.36,4.97,0.458,130.91,65.45
5121,feed_shizuokacity_ikawa_20260401_20260630213838_i10_0,,648.44,7.78,0.458,130.91,65.45
5121,feed_shizuokacity_ikawa_20260401_20260630213838_i11_0,,758.35,9.1,0.417,144.0,72.0
5121,feed_shizuokacity_ikawa_20260401_20260630213838_i12_0,,742.82,8.91,0.375,160.0,80.0
5121,feed_shizuokacity_ikawa_20260401_20260630213838_i13_0,,350.57,4.21,0.417,144.0,72.0
5122,feed_shizuokacity_ikawa_20260401_20260630213838_i9_0,,657.12,7.89,0.458,130.91,65.45
5122,feed_shizuokacity_ikawa_20260401_20260630213838_i10_0,,394.7,4.74,0.458,130.91,65.45
5122,feed_shizuokacity_ikawa_20260401_20260630213838_i11_0,,242.28,2.91,0.417,144.0,72.0
5122,feed_shizuokacity_ikawa_20260401_20260630213838_i12_0,,115.4,1.38,0.375,160.0,80.0
5122,feed_shizuokacity_ikawa_20260401_20260630213838_i13_0,,507.65,6.09,0.417,144.0,72.0
5159,feed_shizuokacity_ikawa_20260401_20260630213838_i5_0,,400.67,4.81,0.458,130.91,65.45
5159,feed_shizuokacity_ikawa_20260401_20260630213838_i6_0,,722.17,8.67,0.458,130.91,65.45
5160,feed_shizuokacity_ikawa_20260401_20260630213838_i5_0,,400.67,4.81,0.458,130.91,65.45
5160,feed_shizuokacity_ikawa_20260401_20260630213838_i6_0,,722.17,8.67,0.458,130.91,65.45
5161,feed_shizuokacity_ikawa_20260401_20260630213838_i5_0,,654.01,7.85,0.458,130.91,65.45
5161,feed_shizuokacity_ikawa_20260401_20260630213838_i6_0,,423.39,5.08,0.458,130.91,65.45
5162,feed_shizuokacity_ikawa_20260401_20260630213838_i5_0,,851.22,10.21,0.458,130.91,65.45
5162,feed_shizuokacity_ikawa_20260401_20260630213838_i6_0,,620.6,7.45,0.458,130.91,65.45
5163,feed_shizuokacity_ikawa_20260401_20260630213838_i5_0,,851.22,10.21,0.458,130.91,65.45
5163,feed_shizuokacity_ikawa_20260401_20260630213838_i6_0,,620.6,7.45,0.458,130.91,65.45
5164,feed_shizuokacity_ikawa_20260401_20260630213838_i9_0,,532.71,6.39,0.458,130.91,65.45
5164,feed_shizuokacity_ikawa_20260401_20260630213838_i10_0,,825.99,9.91,0.458,130.91,65.45
5164,feed_shizuokacity_ikawa_20260401_20260630213838_i13_0,,810.94,9.73,0.417,144.0,72.0
5165,feed_shizuokacity_ikawa_20260401_20260630213838_i7_0,,948.62,11.38,0.458,130.91,65.45
5165,feed_shizuokacity_ikawa_20260401_20260630213838_i9_0,,184.5,2.21,0.458,130.91,65.45
5165,feed_shizuokacity_ikawa_20260401_20260630213838_i10_0,,218.43,2.62,0.458,130.91,65.45
5165,feed_shizuokacity_ikawa_20260401_20260630213838_i11_0,,290.86,3.49,0.417,144.0,72.0
5165,feed_shizuokacity_ikawa_20260401_20260630213838_i12_0,,357.22,4.29,0.375,160.0,80.0
5165,feed_shizuokacity_ikawa_20260401_20260630213838_i13_0,,157.86,1.89,0.417,144.0,72.0
5166,feed_shizuokacity_ikawa_20260401_20260630213838_i9_0,,541.72,6.5,0.458,130.91,65.45
5166,feed_shizuokacity_ikawa_20260401_20260630213838_i10_0,,279.3,3.35,0.458,130.91,65.45
5166,feed_shizuokacity_ikawa_20260401_20260630213838_i11_0,,126.88,1.52,0.417,144.0,72.0
5166,feed_shizuokacity_ikawa_20260401_20260630213838_i12_0,,0.0,0.0,0.375,160.0,80.0
5166,feed_shizuokacity_ikawa_20260401_20260630213838_i13_0,,392.25,4.71,0.417,144.0,72.0
5167,feed_shizuokacity_ikawa_20260401_20260630213838_i9_0,,541.72,6.5,0.458,130.91,65.45
5167,feed_shizuokacity_ikawa_20260401_20260630213838_i10_0,,279.3,3.35,0.458,130.91,65.45
5167,feed_shizuokacity_ikawa_20260401_20260630213838_i11_0,,126.88,1.52,0.417,144.0,72.0
5167,feed_shizuokacity_ikawa_20260401_20260630213838_i12_0,,0.0,0.0,0.375,160.0,80.0
5167,feed_shizuokacity_ikawa_20260401_20260630213838_i13_0,,392.25,4.71,0.417,144.0,72.0
5203,feed_shizuokacity_ikawa_20260401_20260630213838_i5_0,,654.01,7.85,0.458,130.91,65.45
5203,feed_shizuokacity_ikawa_20260401_20260630213838_i6_0,,423.39,5.08,0.458,130.91,65.45
5204,feed_shizuokacity_ikawa_20260401_20260630213838_i5_0,,654.01,7.85,0.458,130.91,65.45
5204,feed_shizuokacity_ikawa_20260401_20260630213838_i6_0,,423.39,5.08,0.458,130.91,65.45
5205,feed_shizuokacity_ikawa_20260401_20260630213838_i5_0,,851.22,10.21,0.458,130.91,65.45
5205,feed_shizuokacity_ikawa_20260401_20260630213838_i6_0,,620.6,7.45,0.458,130.91,65.45
5206,feed_shizuokacity_ikawa_20260401_20260630213838_i5_0,,851.22,10.21,0.458,130.91,65.45
5206,feed_shizuokacity_ikawa_20260401_20260630213838_i6_0,,620.6,7.45,0.458,130.91,65.45
5207,feed_shizuokacity_ikawa_20260401_20260630213838_i9_0,,592.25,7.11,0.458,130.91,65.45
5207,feed_shizuokacity_ikawa_20260401_20260630213838_i10_0,,328.81,3.95,0.458,130.91,65.45
5207,feed_shizuokacity_ikawa_20260401_20260630213838_i11_0,,416.38,5.0,0.417,144.0,72.0
5207,feed_shizuokacity_ikawa_20260401_20260630213838_i12_0,,543.25,6.52,0.375,160.0,80.0
5207,feed_shizuokacity_ikawa_20260401_20260630213838_i13_0,,675.26,8.1,0.417,144.0,72.0
5208,feed_shizuokacity_ikawa_20260401_20260630213838_i9_0,,592.25,7.11,0.458,130.91,65.45
5208,feed_shizuokacity_ikawa_20260401_20260630213838_i10_0,,328.81,3.95,0.458,130.91,65.45
5208,feed_shizuokacity_ikawa_20260401_20260630213838_i11_0,,416.38,5.0,0.417,144.0,72.0
5208,feed_shizuokacity_ikawa_20260401_20260630213838_i12_0,,543.25,6.52,0.375,160.0,80.0
5208,feed_shizuokacity_ikawa_20260401_20260630213838_i13_0,,675.26,8.1,0.417,144.0,72.0
5209,feed_shizuokacity_ikawa_20260401_20260630213838_i9_0,,615.98,7.39,0.458,130.91,65.45
5209,feed_shizuokacity_ikawa_20260401_20260630213838_i10_0,,334.95,4.02,0.458,130.91,65.45
5209,feed_shizuokacity_ikawa_20260401_20260630213838_i11_0,,182.54,2.19,0.417,144.0,72.0
5209,feed_shizuokacity_ikawa_20260401_20260630213838_i12_0,,211.48,2.54,0.375,160.0,80.0
5209,feed_shizuokacity_ikawa_20260401_20260630213838_i13_0,,589.34,7.07,0.417,144.0,72.0
5247,feed_shizuokacity_ikawa_20260401_20260630213838_i5_0,,851.22,10.21,0.458,130.91,65.45
5247,feed_shizuokacity_ikawa_20260401_20260630213838_i6_0,,620.6,7.45,0.458,130.91,65.45
5248,feed_shizuokacity_ikawa_20260401_20260630213838_i9_0,,592.25,7.11,0.458,130.91,65.45
5248,feed_shizuokacity_ikawa_20260401_20260630213838_i10_0,,328.81,3.95,0.458,130.91,65.45
5248,feed_shizuokacity_ikawa_20260401_20260630213838_i11_0,,416.38,5.0,0.417,144.0,72.0
5248,feed_shizuokacity_ikawa_20260401_20260630213838_i12_0,,543.25,6.52,0.375,160.0,80.0
5248,feed_shizuokacity_ikawa_20260401_20260630213838_i13_0,,675.26,8.1,0.417,144.0,72.0
5249,feed_shizuokacity_ikawa_20260401_20260630213838_i9_0,,592.25,7.11,0.458,130.91,65.45
5249,feed_shizuokacity_ikawa_20260401_20260630213838_i10_0,,328.81,3.95,0.458,130.91,65.45
5249,feed_shizuokacity_ikawa_20260401_20260630213838_i11_0,,416.38,5.0,0.417,144.0,72.0
5249,feed_shizuokacity_ikawa_20260401_20260630213838_i12_0,,543.25,6.52,0.375,160.0,80.0
5249,feed_shizuokacity_ikawa_20260401_20260630213838_i13_0,,675.26,8.1,0.417,144.0,72.0
5250,feed_shizuokacity_ikawa_20260401_20260630213838_i9_0,,875.78,10.51,0.458,130.91,65.45
5250,feed_shizuokacity_ikawa_20260401_20260630213838_i10_0,,612.34,7.35,0.458,130.91,65.45
5250,feed_shizuokacity_ikawa_20260401_20260630213838_i11_0,,603.03,7.24,0.417,144.0,72.0
5250,feed_shizuokacity_ikawa_20260401_20260630213838_i12_0,,729.9,8.76,0.375,160.0,80.0
5250,feed_shizuokacity_ikawa_20260401_20260630213838_i13_0,,958.79,11.51,0.417,144.0,72.0
5251,feed_shizuokacity_ikawa_20260401_20260630213838_i11_0,,887.12,10.65,0.417,144.0,72.0
5251,feed_shizuokacity_ikawa_20260401_20260630213838_i12_0,,916.06,10.99,0.375,160.0,80.0
5291,feed_shizuokacity_ikawa_20260401_20260630213838_i9_0,,592.25,7.11,0.458,130.91,65.45
5291,feed_shizuokacity_ikawa_20260401_20260630213838_i10_0,,328.81,3.95,0.458,130.91,65.45
5291,feed_shizuokacity_ikawa_20260401_20260630213838_i11_0,,416.38,5.0,0.417,144.0,72.0
5291,feed_shizuokacity_ikawa_20260401_20260630213838_i12_0,,543.25,6.52,0.375,160.0,80.0
5291,feed_shizuokacity_ikawa_20260401_20260630213838_i13_0,,675.26,8.1,0.417,144.0,72.0
5292,feed_shizuokacity_ikawa_20260401_20260630213838_i9_0,,875.78,10.51,0.458,130.91,65.45
5292,feed_shizuokacity_ikawa_20260401_20260630213838_i10_0,,612.34,7.35,0.458,130.91,65.45
5292,feed_shizuokacity_ikawa_20260401_20260630213838_i11_0,,603.03,7.24,0.417,144.0,72.0
5292,feed_shizuokacity_ikawa_20260401_20260630213838_i12_0,,729.9,8.76,0.375,160.0,80.0
5292,feed_shizuokacity_ikawa_20260401_20260630213838_i13_0,,958.79,11.51,0.417,144.0,72.0
5296,feed_shizuokacity_ikawa_20260401_20260630213838_i14_0,,798.38,9.58,0.417,144.0,72.0
5336,feed_shizuokacity_ikawa_20260401_20260630213838_i14_0,,0.0,0.0,0.417,144.0,72.0
5336,feed_shizuokacity_ikawa_20260401_20260630213838_i15_0,,695.4,8.34,0.417,144.0,72.0
5337,feed_shizuokacity_ikawa_20260401_20260630213838_i14_0,,0.0,0.0,0.417,144.0,72.0
5337,feed_shizuokacity_ikawa_20260401_20260630213838_i15_0,,695.4,8.34,0.417,144.0,72.0
5338,feed_shizuokacity_ikawa_20260401_20260630213838_i14_0,,798.38,9.58,0.417,144.0,72.0
5375,feed_shizuokacity_ikawa_20260401_20260630213838_i14_0,,695.4,8.34,0.417,144.0,72.0
5375,feed_shizuokacity_ikawa_20260401_20260630213838_i15_0,,0.0,0.0,0.417,144.0,72.0
5376,feed_shizuokacity_ikawa_20260401_20260630213838_i14_0,,695.4,8.34,0.417,144.0,72.0
5376,feed_shizuokacity_ikawa_20260401_20260630213838_i15_0,,0.0,0.0,0.417,144.0,72.0
5377,feed_shizuokacity_ikawa_20260401_20260630213838_i14_0,,695.4,8.34,0.417,144.0,72.0
5377,feed_shizuokacity_ikawa_20260401_20260630213838_i15_0,,0.0,0.0,0.417,144.0,72.0
5378,feed_shizuokacity_ikawa_20260401_20260630213838_i14_0,,0.0,0.0,0.417,144.0,72.0
5378,feed_shizuokacity_ikawa_20260401_20260630213838_i15_0,,695.4,8.34,0.417,144.0,72.0
5379,feed_shizuokacity_ikawa_20260401_20260630213838_i14_0,,293.87,3.53,0.417,144.0,72.0
5418,feed_shizuokacity_ikawa_20260401_20260630213838_i14_0,,695.4,8.34,0.417,144.0,72.0
5418,feed_shizuokacity_ikawa_20260401_20260630213838_i15_0,,0.0,0.0,0.417,144.0,72.0
5419,feed_shizuokacity_ikawa_20260401_20260630213838_i14_0,,695.4,8.34,0.417,144.0,72.0
5419,feed_shizuokacity_ikawa_20260401_20260630213838_i15_0,,0.0,0.0,0.417,144.0,72.0
5420,feed_shizuokacity_ikawa_20260401_20260630213838_i14_0,,883.6,10.6,0.417,144.0,72.0
5460,feed_shizuokacity_ikawa_20260401_20260630213838_i16_0,,0.0,0.0,0.333,180.0,90.0
5460,feed_shizuokacity_ikawa_20260401_20260630213838_i17_0,,663.5,7.96,0.333,180.0,90.0
5505,feed_shizuokacity_ikawa_20260401_20260630213838_i16_0,,0.0,0.0,0.333,180.0,90.0
5505,feed_shizuokacity_ikawa_20260401_20260630213838_i17_0,,663.5,7.96,0.333,180.0,90.0
5506,feed_shizuokacity_ikawa_20260401_20260630213838_i16_0,,0.0,0.0,0.333,180.0,90.0
5506,feed_shizuokacity_ikawa_20260401_20260630213838_i17_0,,663.5,7.96,0.333,180.0,90.0
5548,feed_shizuokacity_ikawa_20260401_20260630213838_i18_0,,322.35,3.87,0.333,180.0,90.0
5549,feed_shizuokacity_ikawa_20260401_20260630213838_i17_0,,699.01,8.39,0.333,180.0,90.0
5549,feed_shizuokacity_ikawa_20260401_20260630213838_i18_0,,41.8,0.5,0.333,180.0,90.0
5550,feed_shizuokacity_ikawa_20260401_20260630213838_i16_0,,663.5,7.96,0.333,180.0,90.0
5550,feed_shizuokacity_ikawa_20260401_20260630213838_i17_0,,0.0,0.0,0.333,180.0,90.0
5550,feed_shizuokacity_ikawa_20260401_20260630213838_i18_0,,740.81,8.89,0.333,180.0,90.0
5551,feed_shizuokacity_ikawa_20260401_20260630213838_i16_0,,361.3,4.34,0.333,180.0,90.0
5551,feed_shizuokacity_ikawa_20260401_20260630213838_i17_0,,302.2,3.63,0.333,180.0,90.0
5598,feed_shizuokacity_ikawa_20260401_20260630213838_i18_0,,342.81,4.11,0.333,180.0,90.0
5599,feed_shizuokacity_ikawa_20260401_20260630213838_i18_0,,329.79,3.96,0.333,180.0,90.0
5599,feed_shizuokacity_ikawa_20260401_20260630213838_i19_0,,902.72,10.83,0.333,180.0,90.0
5600,feed_shizuokacity_ikawa_20260401_20260630213838_i16_0,,663.5,7.96,0.333,180.0,90.0
5600,feed_shizuokacity_ikawa_20260401_20260630213838_i17_0,,0.0,0.0,0.333,180.0,90.0
5600,feed_shizuokacity_ikawa_20260401_20260630213838_i18_0,,740.81,8.89,0.333,180.0,90.0
5650,feed_shizuokacity_ikawa_20260401_20260630213838_i18_0,,870.55,10.45,0.333,180.0,90.0
5651,feed_shizuokacity_ikawa_20260401_20260630213838_i18_0,,791.26,9.5,0.333,180.0,90.0
5651,feed_shizuokacity_ikawa_20260401_20260630213838_i19_0,,407.33,4.89,0.333,180.0,90.0
5652,feed_shizuokacity_ikawa_20260401_20260630213838_i19_0,,188.07,2.26,0.333,180.0,90.0
5702,feed_shizuokacity_ikawa_20260401_20260630213838_i19_0,,275.44,3.31,0.333,180.0,90.0
5703,feed_shizuokacity_ikawa_20260401_20260630213838_i19_0,,0.0,0.0,0.333,180.0,90.0
5704,feed_shizuokacity_ikawa_20260401_20260630213838_i19_0,,815.66,9.79,0.333,180.0,90.0
5755,feed_shizuokacity_ikawa_20260401_20260630213838_i19_0,,943.4,11.32,0.333,180.0,90.0
5807,feed_shizuokacity_ikawa_20260401_20260630213838_i19_0,,943.4,11.32,0.333,180.0,90.0
5859,feed_shizuokacity_ikawa_20260401_20260630213838_i19_0,,943.4,11.32,0.333,180.0,90.0
6291,feed_shizuokacity_ikawa_20260401_20260630213838_i20_0,,0.0,0.0,0.167,360.0,180.0
6292,feed_shizuokacity_ikawa_20260401_20260630213838_i20_0,,0.0,0.0,0.167,360.0,180.0
6293,feed_shizuokacity_ikawa_20260401_20260630213838_i20_0,,34.45,0.41,0.167,360.0,180.0
6350,feed_shizuokacity_ikawa_20260401_20260630213838_i20_0,,38.58,0.46,0.167,360.0,180.0
6351,feed_shizuokacity_ikawa_20260401_20260630213838_i20_0,,822.65,9.87,0.167,360.0,180.0
6407,feed_shizuokacity_ikawa_20260401_20260630213838_i20_0,,38.58,0.46,0.167,360.0,180.0
6408,feed_shizuokacity_ikawa_20260401_20260630213838_i20_0,,822.65,9.87,0.167,360.0,180.0
